Date,Value,"Statut","Qualification","Méthode","Continuité"
2020-01-01T00:00:00.000Z,"13000","16",20,10,0
2020-01-02T00:00:00.000Z,"12500","16",20,10,0
2020-01-03T00:00:00.000Z,"11200","16",20,10,0
2020-01-04T00:00:00.000Z,"11300","16",20,10,0
2020-01-05T00:00:00.000Z,"10200","16",20,10,0
2020-01-06T00:00:00.000Z,"9420","16",20,10,0
2020-01-07T00:00:00.000Z,"7920","16",20,10,0
2020-01-08T00:00:00.000Z,"8600","16",20,10,0
2020-01-09T00:00:00.000Z,"7000","16",20,10,0
2020-01-10T00:00:00.000Z,"7930","16",20,10,0
2020-01-11T00:00:00.000Z,"6630","16",20,10,0
2020-01-12T00:00:00.000Z,"5790","16",20,10,0
2020-01-13T00:00:00.000Z,"6340","16",20,10,0
2020-01-14T00:00:00.000Z,"5760","16",20,10,0
2020-01-15T00:00:00.000Z,"5330","16",20,10,0
2020-01-16T00:00:00.000Z,"4260","16",20,10,0
2020-01-17T00:00:00.000Z,"5890","16",20,10,0
2020-01-18T00:00:00.000Z,"5960","16",20,10,0
2020-01-19T00:00:00.000Z,"4780","16",20,10,0
2020-01-20T00:00:00.000Z,"5040","16",20,10,0
2020-01-21T00:00:00.000Z,"4150","16",20,10,0
2020-01-22T00:00:00.000Z,"3950","16",20,10,0
2020-01-23T00:00:00.000Z,"4060","16",20,10,0
2020-01-24T00:00:00.000Z,"4000","16",20,10,0
2020-01-25T00:00:00.000Z,"3820","16",20,10,0
2020-01-26T00:00:00.000Z,"3310","16",20,10,0
2020-01-27T00:00:00.000Z,"5220","16",20,10,0
2020-01-28T00:00:00.000Z,"3850","16",20,10,0
2020-01-29T00:00:00.000Z,"4180","16",20,10,0
2020-01-30T00:00:00.000Z,"3990","16",20,10,0
2020-01-31T00:00:00.000Z,"4480","16",20,10,0
2020-02-01T00:00:00.000Z,"4320","16",20,10,0
2020-02-02T00:00:00.000Z,"3550","16",20,10,0
2020-02-03T00:00:00.000Z,"3530","16",20,10,0
2020-02-04T00:00:00.000Z,"3680","16",20,10,0
2020-02-05T00:00:00.000Z,"4870","16",20,10,0
2020-02-06T00:00:00.000Z,"3320","16",20,10,0
2020-02-07T00:00:00.000Z,"3800","16",20,10,0
2020-02-08T00:00:00.000Z,"3730","16",20,10,0
2020-02-09T00:00:00.000Z,"2920","16",20,10,0
2020-02-10T00:00:00.000Z,"3300","16",20,10,0
2020-02-11T00:00:00.000Z,"3730","16",20,10,0
2020-02-12T00:00:00.000Z,"3430","16",20,10,0
2020-02-13T00:00:00.000Z,"3450","16",20,10,0
2020-02-14T00:00:00.000Z,"2840","16",20,10,0
2020-02-15T00:00:00.000Z,"4330","16",20,10,0
2020-02-16T00:00:00.000Z,"2630","16",20,10,0
2020-02-17T00:00:00.000Z,"3240","16",20,10,0
2020-02-18T00:00:00.000Z,"3010","16",20,10,0
2020-02-19T00:00:00.000Z,"3230","16",20,10,0
2020-02-20T00:00:00.000Z,"3940","16",20,10,0
2020-02-21T00:00:00.000Z,"2280","16",20,10,0
2020-02-22T00:00:00.000Z,"3130","16",20,10,0
2020-02-23T00:00:00.000Z,"2410","16",20,10,0
2020-02-24T00:00:00.000Z,"2820","16",20,10,0
2020-02-25T00:00:00.000Z,"2910","16",20,10,0
2020-02-26T00:00:00.000Z,"2300","16",20,10,0
2020-02-27T00:00:00.000Z,"3050","16",20,10,0
2020-02-28T00:00:00.000Z,"3230","16",20,10,0
2020-02-29T00:00:00.000Z,"3320","16",20,10,0
2020-03-01T00:00:00.000Z,"4020","16",20,10,0
2020-03-02T00:00:00.000Z,"4450","16",20,10,0
2020-03-03T00:00:00.000Z,"8030","16",20,10,0
2020-03-04T00:00:00.000Z,"5430","16",20,10,0
2020-03-05T00:00:00.000Z,"5310","16",20,10,0
2020-03-06T00:00:00.000Z,"6550","16",20,10,0
2020-03-07T00:00:00.000Z,"5980","16",20,10,0
2020-03-08T00:00:00.000Z,"5820","16",20,10,0
2020-03-09T00:00:00.000Z,"6490","16",20,10,0
2020-03-10T00:00:00.000Z,"6130","16",20,10,0
2020-03-11T00:00:00.000Z,"6310","16",20,10,0
2020-03-12T00:00:00.000Z,"5740","16",20,10,0
2020-03-13T00:00:00.000Z,"5660","16",20,10,0
2020-03-14T00:00:00.000Z,"5670","16",20,10,0
2020-03-15T00:00:00.000Z,"4540","16",20,10,0
2020-03-16T00:00:00.000Z,"5330","16",20,10,0
2020-03-17T00:00:00.000Z,"4440","16",20,10,0
2020-03-18T00:00:00.000Z,"4230","16",20,10,0
2020-03-19T00:00:00.000Z,"4190","16",20,10,0
2020-03-20T00:00:00.000Z,"3720","16",20,10,0
2020-03-21T00:00:00.000Z,"3640","16",20,10,0
2020-03-22T00:00:00.000Z,"3290","16",20,10,0
2020-03-23T00:00:00.000Z,"3440","16",20,10,0
2020-03-24T00:00:00.000Z,"3560","16",20,10,0
2020-03-25T00:00:00.000Z,"2720","16",20,10,0
2020-03-26T00:00:00.000Z,"3000","16",20,10,0
2020-03-27T00:00:00.000Z,"2880","16",20,10,0
2020-03-28T00:00:00.000Z,"2980","16",20,10,0
2020-03-29T00:00:00.000Z,"1860","16",20,10,0
2020-03-30T00:00:00.000Z,"3490","16",20,10,0
2020-03-31T00:00:00.000Z,"2680","16",20,10,0
2020-04-01T00:00:00.000Z,"2780","16",20,10,0
2020-04-02T00:00:00.000Z,"2320","16",20,10,0
2020-04-03T00:00:00.000Z,"2310","16",20,10,0
2020-04-04T00:00:00.000Z,"2240","16",20,10,0
2020-04-05T00:00:00.000Z,"2060","16",20,10,0
2020-04-06T00:00:00.000Z,"2210","16",20,10,0
2020-04-07T00:00:00.000Z,"1890","16",20,10,0
2020-04-08T00:00:00.000Z,"1720","16",20,10,0
2020-04-09T00:00:00.000Z,"1790","16",20,10,0
2020-04-10T00:00:00.000Z,"1870","16",20,10,0
2020-04-11T00:00:00.000Z,"1050","16",20,10,0
2020-04-12T00:00:00.000Z,"1490","16",20,10,0
2020-04-13T00:00:00.000Z,"1550","16",20,10,0
2020-04-14T00:00:00.000Z,"1320","16",20,10,0
2020-04-15T00:00:00.000Z,"1990","16",20,10,0
2020-04-16T00:00:00.000Z,"1150","16",20,10,0
2020-04-17T00:00:00.000Z,"993","16",20,10,0
2020-04-18T00:00:00.000Z,"1980","16",20,10,0
2020-04-19T00:00:00.000Z,"1730","16",20,10,0
2020-04-20T00:00:00.000Z,"1810","16",20,10,0
2020-04-21T00:00:00.000Z,"2190","16",20,10,0
2020-04-22T00:00:00.000Z,"2310","16",20,10,0
2020-04-23T00:00:00.000Z,"2720","16",20,10,0
2020-04-24T00:00:00.000Z,"2040","16",20,10,0
2020-04-25T00:00:00.000Z,"1710","16",20,10,0
2020-04-26T00:00:00.000Z,"2050","16",20,10,0
2020-04-27T00:00:00.000Z,"1800","16",20,10,0
2020-04-28T00:00:00.000Z,"2490","16",20,10,0
2020-04-29T00:00:00.000Z,"2560","16",20,10,0
2020-04-30T00:00:00.000Z,"2170","16",20,10,0
2020-05-01T00:00:00.000Z,"3420","16",20,10,0
2020-05-02T00:00:00.000Z,"17200","16",20,10,0
2020-05-03T00:00:00.000Z,"17800","16",20,10,0
2020-05-04T00:00:00.000Z,"13300","16",20,10,0
2020-05-05T00:00:00.000Z,"8030","16",20,10,0
2020-05-06T00:00:00.000Z,"6810","16",20,10,0
2020-05-07T00:00:00.000Z,"5580","16",20,10,0
2020-05-08T00:00:00.000Z,"4620","16",20,10,0
2020-05-09T00:00:00.000Z,"4540","16",20,10,0
2020-05-10T00:00:00.000Z,"4060","16",20,10,0
2020-05-11T00:00:00.000Z,"4310","16",20,10,0
2020-05-12T00:00:00.000Z,"4270","16",20,10,0
2020-05-13T00:00:00.000Z,"5010","16",20,10,0
2020-05-14T00:00:00.000Z,"8770","16",20,10,0
2020-05-15T00:00:00.000Z,"4960","16",20,10,0
2020-05-16T00:00:00.000Z,"4300","16",20,10,0
2020-05-17T00:00:00.000Z,"3510","16",20,10,0
2020-05-18T00:00:00.000Z,"3130","16",20,10,0
2020-05-19T00:00:00.000Z,"3310","16",20,10,0
2020-05-20T00:00:00.000Z,"2190","16",20,10,0
2020-05-21T00:00:00.000Z,"2340","16",20,10,0
2020-05-22T00:00:00.000Z,"2270","16",20,10,0
2020-05-23T00:00:00.000Z,"2290","16",20,10,0
2020-05-24T00:00:00.000Z,"2600","16",20,10,0
2020-05-25T00:00:00.000Z,"2360","16",20,10,0
2020-05-26T00:00:00.000Z,"1910","16",20,10,0
2020-05-27T00:00:00.000Z,"1760","16",20,10,0
2020-05-28T00:00:00.000Z,"1550","16",20,10,0
2020-05-29T00:00:00.000Z,"1490","16",20,10,0
2020-05-30T00:00:00.000Z,"1490","16",20,10,0
2020-05-31T00:00:00.000Z,"956","16",20,10,0
2020-06-01T00:00:00.000Z,"1040","16",20,10,0
2020-06-02T00:00:00.000Z,"1370","16",20,10,0
2020-06-03T00:00:00.000Z,"1830","16",20,10,0
2020-06-04T00:00:00.000Z,"6000","16",20,10,0
2020-06-05T00:00:00.000Z,"2570","16",20,10,0
2020-06-06T00:00:00.000Z,"1790","16",20,10,0
2020-06-07T00:00:00.000Z,"2210","16",20,10,0
2020-06-08T00:00:00.000Z,"1870","16",20,10,0
2020-06-09T00:00:00.000Z,"1720","16",20,10,0
2020-06-10T00:00:00.000Z,"1520","16",20,10,0
2020-06-11T00:00:00.000Z,"1620","16",20,10,0
2020-06-12T00:00:00.000Z,"54000","16",12,10,0
2020-06-13T00:00:00.000Z,"57700","16",12,10,0
2020-06-14T00:00:00.000Z,"26300","16",20,10,0
2020-06-15T00:00:00.000Z,"19500","16",20,10,0
2020-06-16T00:00:00.000Z,"14300","16",20,10,0
2020-06-17T00:00:00.000Z,"13800","16",20,10,0
2020-06-18T00:00:00.000Z,"11300","16",20,10,0
2020-06-19T00:00:00.000Z,"8720","16",20,10,0
2020-06-20T00:00:00.000Z,"7600","16",20,10,0
2020-06-21T00:00:00.000Z,"6160","16",20,10,0
2020-06-22T00:00:00.000Z,"6050","16",20,10,0
2020-06-23T00:00:00.000Z,"5060","16",20,10,0
2020-06-24T00:00:00.000Z,"4240","16",20,10,0
2020-06-25T00:00:00.000Z,"3690","16",20,10,0
2020-06-26T00:00:00.000Z,"3110","16",20,10,0
2020-06-27T00:00:00.000Z,"4460","16",20,10,0
2020-06-28T00:00:00.000Z,"3530","16",20,10,0
2020-06-29T00:00:00.000Z,"3400","16",20,10,0
2020-06-30T00:00:00.000Z,"2610","16",20,10,0
2020-07-01T00:00:00.000Z,"2230","16",20,10,0
2020-07-02T00:00:00.000Z,"2370","16",20,10,0
2020-07-03T00:00:00.000Z,"2440","16",20,10,0
2020-07-04T00:00:00.000Z,"2400","16",20,10,0
2020-07-05T00:00:00.000Z,"2010","16",20,10,0
2020-07-06T00:00:00.000Z,"1840","16",20,10,0
2020-07-07T00:00:00.000Z,"1810","16",20,10,0
2020-07-08T00:00:00.000Z,"1060","16",20,10,0
2020-07-09T00:00:00.000Z,"1360","16",20,10,0
2020-07-10T00:00:00.000Z,"1080","16",20,10,0
2020-07-11T00:00:00.000Z,"1020","16",20,10,0
2020-07-12T00:00:00.000Z,"1040","16",20,10,0
2020-07-13T00:00:00.000Z,"1320","16",20,10,0
2020-07-14T00:00:00.000Z,"952","16",20,10,0
2020-07-15T00:00:00.000Z,"914","16",20,10,0
2020-07-16T00:00:00.000Z,"994","16",20,10,0
2020-07-17T00:00:00.000Z,"1380","16",20,10,0
2020-07-18T00:00:00.000Z,"936","16",20,10,0
2020-07-19T00:00:00.000Z,"952","16",20,10,0
2020-07-20T00:00:00.000Z,"926","16",20,10,0
2020-07-21T00:00:00.000Z,"938","16",20,10,0
2020-07-22T00:00:00.000Z,"2820","16",20,10,0
2020-07-23T00:00:00.000Z,"2160","16",20,10,0
2020-07-24T00:00:00.000Z,"1420","16",20,10,0
2020-07-25T00:00:00.000Z,"988","16",20,10,0
2020-07-26T00:00:00.000Z,"889","16",20,10,0
2020-07-27T00:00:00.000Z,"877","16",20,10,0
2020-07-28T00:00:00.000Z,"804","16",20,10,0
2020-07-29T00:00:00.000Z,"795","16",20,10,0
2020-07-30T00:00:00.000Z,"661","16",20,10,0
2020-07-31T00:00:00.000Z,"722","16",20,10,0
2020-08-01T00:00:00.000Z,"748","16",20,10,0
2020-08-02T00:00:00.000Z,"1820","16",20,10,0
2020-08-03T00:00:00.000Z,"1230","16",20,10,0
2020-08-04T00:00:00.000Z,"986","16",20,10,0
2020-08-05T00:00:00.000Z,"898","16",20,10,0
2020-08-06T00:00:00.000Z,"776","16",20,10,0
2020-08-07T00:00:00.000Z,"889","16",20,10,0
2020-08-08T00:00:00.000Z,"796","16",20,10,0
2020-08-09T00:00:00.000Z,"724","16",20,10,0
2020-08-10T00:00:00.000Z,"917","16",20,10,0
2020-08-11T00:00:00.000Z,"989","16",20,10,0
2020-08-12T00:00:00.000Z,"882","16",20,10,0
2020-08-13T00:00:00.000Z,"1850","16",20,10,0
2020-08-14T00:00:00.000Z,"1560","16",20,10,0
2020-08-15T00:00:00.000Z,"1260","16",20,10,0
2020-08-16T00:00:00.000Z,"1160","16",20,10,0
2020-08-17T00:00:00.000Z,"1750","16",20,10,0
2020-08-18T00:00:00.000Z,"1160","16",20,10,0
2020-08-19T00:00:00.000Z,"896","16",20,10,0
2020-08-20T00:00:00.000Z,"796","16",20,10,0
2020-08-21T00:00:00.000Z,"657","16",20,10,0
2020-08-22T00:00:00.000Z,"741","16",20,10,0
2020-08-23T00:00:00.000Z,"1160","16",20,10,0
2020-08-24T00:00:00.000Z,"808","16",20,10,0
2020-08-25T00:00:00.000Z,"790","16",20,10,0
2020-08-26T00:00:00.000Z,"630","16",20,10,0
2020-08-27T00:00:00.000Z,"645","16",20,10,0
2020-08-28T00:00:00.000Z,"638","16",20,10,0
2020-08-29T00:00:00.000Z,"681","16",20,10,0
2020-08-30T00:00:00.000Z,"820","16",20,10,0
2020-08-31T00:00:00.000Z,"660","16",20,10,0
2020-09-01T00:00:00.000Z,"616","16",20,10,0
2020-09-02T00:00:00.000Z,"645","16",20,10,0
2020-09-03T00:00:00.000Z,"561","16",20,10,0
2020-09-04T00:00:00.000Z,"538","16",20,10,0
2020-09-05T00:00:00.000Z,"559","16",20,10,0
2020-09-06T00:00:00.000Z,"496","16",20,10,0
2020-09-07T00:00:00.000Z,"495","16",20,10,0
2020-09-08T00:00:00.000Z,"550","16",20,10,0
2020-09-09T00:00:00.000Z,"407","16",20,10,0
2020-09-10T00:00:00.000Z,"385","16",20,10,0
2020-09-11T00:00:00.000Z,"429","16",20,10,0
2020-09-12T00:00:00.000Z,"399","16",20,10,0
2020-09-13T00:00:00.000Z,"347","16",20,10,0
2020-09-14T00:00:00.000Z,"310","16",20,10,0
2020-09-15T00:00:00.000Z,"316","16",20,10,0
2020-09-16T00:00:00.000Z,"289","16",20,10,0
2020-09-17T00:00:00.000Z,"289","16",20,10,0
2020-09-18T00:00:00.000Z,"290","16",20,10,0
2020-09-19T00:00:00.000Z,"375","16",20,10,0
2020-09-20T00:00:00.000Z,"555","16",20,10,0
2020-09-21T00:00:00.000Z,"873","16",20,10,0
2020-09-22T00:00:00.000Z,"943","16",20,10,0
2020-09-23T00:00:00.000Z,"948","16",20,10,0
2020-09-24T00:00:00.000Z,"790","16",20,10,0
2020-09-25T00:00:00.000Z,"773","16",20,10,0
2020-09-26T00:00:00.000Z,"1150","16",20,10,0
2020-09-27T00:00:00.000Z,"1360","16",20,10,0
2020-09-28T00:00:00.000Z,"2850","16",20,10,0
2020-09-29T00:00:00.000Z,"2580","16",20,10,0
2020-09-30T00:00:00.000Z,"1510","16",20,10,0
2020-10-01T00:00:00.000Z,"1260","16",20,10,0
2020-10-02T00:00:00.000Z,"1720","16",20,10,0
2020-10-03T00:00:00.000Z,"7940","16",20,10,0
2020-10-04T00:00:00.000Z,"2980","16",20,10,0
2020-10-05T00:00:00.000Z,"2080","16",20,10,0
2020-10-06T00:00:00.000Z,"1770","16",20,10,0
2020-10-07T00:00:00.000Z,"1750","16",20,10,0
2020-10-08T00:00:00.000Z,"1970","16",20,10,0
2020-10-09T00:00:00.000Z,"2190","16",20,10,0
2020-10-10T00:00:00.000Z,"1510","16",20,10,0
2020-10-11T00:00:00.000Z,"1410","16",20,10,0
2020-10-12T00:00:00.000Z,"1540","16",20,10,0
2020-10-13T00:00:00.000Z,"1810","16",20,10,0
2020-10-14T00:00:00.000Z,"1730","16",20,10,0
2020-10-15T00:00:00.000Z,"1960","16",20,10,0
2020-10-16T00:00:00.000Z,"1810","16",20,10,0
2020-10-17T00:00:00.000Z,"1750","16",20,10,0
2020-10-18T00:00:00.000Z,"1940","16",20,10,0
2020-10-19T00:00:00.000Z,"1360","16",20,10,0
2020-10-20T00:00:00.000Z,"1470","16",20,10,0
2020-10-21T00:00:00.000Z,"1220","16",20,10,0
2020-10-22T00:00:00.000Z,"1270","16",20,10,0
2020-10-23T00:00:00.000Z,"1350","16",20,10,0
2020-10-24T00:00:00.000Z,"2110","16",20,10,0
2020-10-25T00:00:00.000Z,"1790","16",20,10,0
2020-10-26T00:00:00.000Z,"4810","16",20,10,0
2020-10-27T00:00:00.000Z,"2920","16",20,10,0
2020-10-28T00:00:00.000Z,"3530","16",20,10,0
2020-10-29T00:00:00.000Z,"2400","16",20,10,0
2020-10-30T00:00:00.000Z,"1970","16",20,10,0
2020-10-31T00:00:00.000Z,"2290","16",20,10,0
2020-11-01T00:00:00.000Z,"1650","16",20,10,0
2020-11-02T00:00:00.000Z,"1970","16",20,10,0
2020-11-03T00:00:00.000Z,"1980","16",20,10,0
2020-11-04T00:00:00.000Z,"2470","16",20,10,0
2020-11-05T00:00:00.000Z,"2270","16",20,10,0
2020-11-06T00:00:00.000Z,"2020","16",20,10,0
2020-11-07T00:00:00.000Z,"1820","16",20,10,0
2020-11-08T00:00:00.000Z,"1250","16",20,10,0
2020-11-09T00:00:00.000Z,"2230","16",20,10,0
2020-11-10T00:00:00.000Z,"2100","16",20,10,0
2020-11-11T00:00:00.000Z,"1880","16",20,10,0
2020-11-12T00:00:00.000Z,"1760","16",20,10,0
2020-11-13T00:00:00.000Z,"1840","16",20,10,0
2020-11-14T00:00:00.000Z,"1640","16",20,10,0
2020-11-15T00:00:00.000Z,"1040","16",20,10,0
2020-11-16T00:00:00.000Z,"2290","16",20,10,0
2020-11-17T00:00:00.000Z,"1890","16",20,10,0
2020-11-18T00:00:00.000Z,"1500","16",20,10,0
2020-11-19T00:00:00.000Z,"1660","16",20,10,0
2020-11-20T00:00:00.000Z,"1590","16",20,10,0
2020-11-21T00:00:00.000Z,"1730","16",20,10,0
2020-11-22T00:00:00.000Z,"1010","16",20,10,0
2020-11-23T00:00:00.000Z,"1840","16",20,10,0
2020-11-24T00:00:00.000Z,"1680","16",20,10,0
2020-11-25T00:00:00.000Z,"1300","16",20,10,0
2020-11-26T00:00:00.000Z,"1180","16",20,10,0
2020-11-27T00:00:00.000Z,"1360","16",20,10,0
2020-11-28T00:00:00.000Z,"1670","16",20,10,0
2020-11-29T00:00:00.000Z,"940","16",20,10,0
2020-11-30T00:00:00.000Z,"1700","16",20,10,0
2020-12-01T00:00:00.000Z,"1330","16",20,10,0
2020-12-02T00:00:00.000Z,"1310","16",20,10,0
2020-12-03T00:00:00.000Z,"1830","16",20,10,0
2020-12-04T00:00:00.000Z,"1450","16",20,10,0
2020-12-05T00:00:00.000Z,"2070","16",20,10,0
2020-12-06T00:00:00.000Z,"1120","16",20,10,0
2020-12-07T00:00:00.000Z,"1980","16",20,10,0
2020-12-08T00:00:00.000Z,"1300","16",20,10,0
2020-12-09T00:00:00.000Z,"1210","16",20,10,0
2020-12-10T00:00:00.000Z,"1250","16",20,10,0
2020-12-11T00:00:00.000Z,"2340","16",20,10,0
2020-12-12T00:00:00.000Z,"5770","16",20,10,0
2020-12-13T00:00:00.000Z,"9320","16",20,10,0
2020-12-14T00:00:00.000Z,"4240","16",20,10,0
2020-12-15T00:00:00.000Z,"4290","16",20,10,0
2020-12-16T00:00:00.000Z,"12100","16",20,10,0
2020-12-17T00:00:00.000Z,"6100","16",20,10,0
2020-12-18T00:00:00.000Z,"6200","16",20,10,0
2020-12-19T00:00:00.000Z,"6080","16",20,10,0
2020-12-20T00:00:00.000Z,"5820","16",20,10,0
2020-12-21T00:00:00.000Z,"7800","16",20,10,0
2020-12-22T00:00:00.000Z,"6470","16",20,10,0
2020-12-23T00:00:00.000Z,"5860","16",20,10,0
2020-12-24T00:00:00.000Z,"5150","16",20,10,0
2020-12-25T00:00:00.000Z,"8070","16",20,10,0
2020-12-26T00:00:00.000Z,"5720","16",20,10,0
2020-12-27T00:00:00.000Z,"5110","16",20,10,0
2020-12-28T00:00:00.000Z,"5140","16",20,10,0
2020-12-29T00:00:00.000Z,"6300","16",20,10,0
2020-12-30T00:00:00.000Z,"4840","16",20,10,0
2020-12-31T00:00:00.000Z,"4940","16",20,10,0
2021-01-01T00:00:00.000Z,"5710","16",20,10,0
2021-01-02T00:00:00.000Z,"5070","16",20,10,0
2021-01-03T00:00:00.000Z,"3980","16",20,10,0
2021-01-04T00:00:00.000Z,"4420","16",20,10,0
2021-01-05T00:00:00.000Z,"4360","16",20,10,0
2021-01-06T00:00:00.000Z,"3970","16",20,10,0
2021-01-07T00:00:00.000Z,"3860","16",20,10,0
2021-01-08T00:00:00.000Z,"3510","16",20,10,0
2021-01-09T00:00:00.000Z,"3340","16",20,10,0
2021-01-10T00:00:00.000Z,"3270","16",20,10,0
2021-01-11T00:00:00.000Z,"2460","16",20,10,0
2021-01-12T00:00:00.000Z,"2530","16",20,10,0
2021-01-13T00:00:00.000Z,"7870","16",20,10,0
2021-01-14T00:00:00.000Z,"13600","16",20,10,0
2021-01-15T00:00:00.000Z,"16600","16",20,10,0
2021-01-16T00:00:00.000Z,"13900","16",20,10,0
2021-01-17T00:00:00.000Z,"12600","16",20,10,0
2021-01-18T00:00:00.000Z,"13100","16",20,10,0
2021-01-19T00:00:00.000Z,"9280","16",20,10,0
2021-01-20T00:00:00.000Z,"10500","16",20,10,0
2021-01-21T00:00:00.000Z,"13200","16",20,10,0
2021-01-22T00:00:00.000Z,"16000","16",20,10,0
2021-01-23T00:00:00.000Z,"19100","16",20,10,0
2021-01-24T00:00:00.000Z,"15600","16",20,10,0
2021-01-25T00:00:00.000Z,"14300","16",20,10,0
2021-01-26T00:00:00.000Z,"11400","16",20,10,0
2021-01-27T00:00:00.000Z,"10500","16",20,10,0
2021-01-28T00:00:00.000Z,"14800","16",20,10,0
2021-01-29T00:00:00.000Z,"18500","16",20,10,0
2021-01-30T00:00:00.000Z,"16600","16",20,10,0
2021-01-31T00:00:00.000Z,"17500","16",20,10,0
2021-02-01T00:00:00.000Z,"18800","16",20,10,0
2021-02-02T00:00:00.000Z,"34900","16",20,10,0
2021-02-03T00:00:00.000Z,"28000","16",20,10,0
2021-02-04T00:00:00.000Z,"23700","16",20,10,0
2021-02-05T00:00:00.000Z,"20100","16",20,10,0
2021-02-06T00:00:00.000Z,"17600","16",20,10,0
2021-02-07T00:00:00.000Z,"18700","16",20,10,0
2021-02-08T00:00:00.000Z,"15900","16",20,10,0
2021-02-09T00:00:00.000Z,"15100","16",20,10,0
2021-02-10T00:00:00.000Z,"15700","16",20,10,0
2021-02-11T00:00:00.000Z,"14300","16",20,10,0
2021-02-12T00:00:00.000Z,"13300","16",20,10,0
2021-02-13T00:00:00.000Z,"16100","16",20,10,0
2021-02-14T00:00:00.000Z,"14500","16",20,10,0
2021-02-15T00:00:00.000Z,"12200","16",20,10,0
2021-02-16T00:00:00.000Z,"11800","16",20,10,0
2021-02-17T00:00:00.000Z,"10700","16",20,10,0
2021-02-18T00:00:00.000Z,"10300","16",20,10,0
2021-02-19T00:00:00.000Z,"9420","16",20,10,0
2021-02-20T00:00:00.000Z,"8900","16",20,10,0
2021-02-21T00:00:00.000Z,"7830","16",20,10,0
2021-02-22T00:00:00.000Z,"7990","16",20,10,0
2021-02-23T00:00:00.000Z,"7020","16",20,10,0
2021-02-24T00:00:00.000Z,"6690","16",20,10,0
2021-02-25T00:00:00.000Z,"6400","16",20,10,0
2021-02-26T00:00:00.000Z,"5600","16",20,10,0
2021-02-27T00:00:00.000Z,"5570","16",20,10,0
2021-02-28T00:00:00.000Z,"5390","16",20,10,0
2021-03-01T00:00:00.000Z,"5440","16",20,10,0
2021-03-02T00:00:00.000Z,"5130","16",20,10,0
2021-03-03T00:00:00.000Z,"4670","16",20,10,0
2021-03-04T00:00:00.000Z,"4270","16",20,10,0
2021-03-05T00:00:00.000Z,"4150","16",20,10,0
2021-03-06T00:00:00.000Z,"3840","16",20,10,0
2021-03-07T00:00:00.000Z,"3280","16",20,10,0
2021-03-08T00:00:00.000Z,"4930","16",20,10,0
2021-03-09T00:00:00.000Z,"4090","16",20,10,0
2021-03-10T00:00:00.000Z,"3370","16",20,10,0
2021-03-11T00:00:00.000Z,"3360","16",20,10,0
2021-03-12T00:00:00.000Z,"3300","16",20,10,0
2021-03-13T00:00:00.000Z,"3570","16",20,10,0
2021-03-14T00:00:00.000Z,"3550","16",20,10,0
2021-03-15T00:00:00.000Z,"3780","16",20,10,0
2021-03-16T00:00:00.000Z,"7200","16",20,10,0
2021-03-17T00:00:00.000Z,"5820","16",20,10,0
2021-03-18T00:00:00.000Z,"4910","16",20,10,0
2021-03-19T00:00:00.000Z,"4280","16",20,10,0
2021-03-20T00:00:00.000Z,"4130","16",20,10,0
2021-03-21T00:00:00.000Z,"3270","16",20,10,0
2021-03-22T00:00:00.000Z,"3670","16",20,10,0
2021-03-23T00:00:00.000Z,"3480","16",20,10,0
2021-03-24T00:00:00.000Z,"3290","16",20,10,0
2021-03-25T00:00:00.000Z,"3170","16",20,10,0
2021-03-26T00:00:00.000Z,"3050","16",20,10,0
2021-03-27T00:00:00.000Z,"4650","16",20,10,0
2021-03-28T00:00:00.000Z,"3300","16",20,10,0
2021-03-29T00:00:00.000Z,"2800","16",20,10,0
2021-03-30T00:00:00.000Z,"3040","16",20,10,0
2021-03-31T00:00:00.000Z,"2850","16",20,10,0
2021-04-01T00:00:00.000Z,"2260","16",20,10,0
2021-04-02T00:00:00.000Z,"2550","16",20,10,0
2021-04-03T00:00:00.000Z,"2430","16",20,10,0
2021-04-04T00:00:00.000Z,"2420","16",20,10,0
2021-04-05T00:00:00.000Z,"2210","16",20,10,0
2021-04-06T00:00:00.000Z,"2020","16",20,10,0
2021-04-07T00:00:00.000Z,"2290","16",20,10,0
2021-04-08T00:00:00.000Z,"2190","16",20,10,0
2021-04-09T00:00:00.000Z,"2140","16",20,10,0
2021-04-10T00:00:00.000Z,"2040","16",20,10,0
2021-04-11T00:00:00.000Z,"1350","16",20,10,0
2021-04-12T00:00:00.000Z,"5590","16",20,10,0
2021-04-13T00:00:00.000Z,"2930","16",20,10,0
2021-04-14T00:00:00.000Z,"2210","16",20,10,0
2021-04-15T00:00:00.000Z,"2170","16",20,10,0
2021-04-16T00:00:00.000Z,"2370","16",20,10,0
2021-04-17T00:00:00.000Z,"1300","16",20,10,0
2021-04-18T00:00:00.000Z,"1510","16",20,10,0
2021-04-19T00:00:00.000Z,"1980","16",20,10,0
2021-04-20T00:00:00.000Z,"1820","16",20,10,0
2021-04-21T00:00:00.000Z,"3770","16",20,10,0
2021-04-22T00:00:00.000Z,"5290","16",20,10,0
2021-04-23T00:00:00.000Z,"3040","16",20,10,0
2021-04-24T00:00:00.000Z,"2440","16",20,10,0
2021-04-25T00:00:00.000Z,"2190","16",20,10,0
2021-04-26T00:00:00.000Z,"2080","16",20,10,0
2021-04-27T00:00:00.000Z,"2080","16",20,10,0
2021-04-28T00:00:00.000Z,"1980","16",20,10,0
2021-04-29T00:00:00.000Z,"2520","16",20,10,0
2021-04-30T00:00:00.000Z,"3620","16",20,10,0
2021-05-01T00:00:00.000Z,"4950","16",20,10,0
2021-05-02T00:00:00.000Z,"5700","16",20,10,0
2021-05-03T00:00:00.000Z,"3850","16",20,10,0
2021-05-04T00:00:00.000Z,"3210","16",20,10,0
2021-05-05T00:00:00.000Z,"3060","16",20,10,0
2021-05-06T00:00:00.000Z,"3020","16",20,10,0
2021-05-07T00:00:00.000Z,"4610","16",20,10,0
2021-05-08T00:00:00.000Z,"3710","16",20,10,0
2021-05-09T00:00:00.000Z,"2910","16",20,10,0
2021-05-10T00:00:00.000Z,"12600","16",20,10,0
2021-05-11T00:00:00.000Z,"44900","16",20,10,0
2021-05-12T00:00:00.000Z,"20500","16",20,10,0
2021-05-13T00:00:00.000Z,"15700","16",20,10,0
2021-05-14T00:00:00.000Z,"13200","16",20,10,0
2021-05-15T00:00:00.000Z,"12900","16",20,10,0
2021-05-16T00:00:00.000Z,"13900","16",20,10,0
2021-05-17T00:00:00.000Z,"10700","16",20,10,0
2021-05-18T00:00:00.000Z,"9300","16",20,10,0
2021-05-19T00:00:00.000Z,"9220","16",20,10,0
2021-05-20T00:00:00.000Z,"8450","16",20,10,0
2021-05-21T00:00:00.000Z,"7380","16",20,10,0
2021-05-22T00:00:00.000Z,"7440","16",20,10,0
2021-05-23T00:00:00.000Z,"6610","16",20,10,0
2021-05-24T00:00:00.000Z,"5770","16",20,10,0
2021-05-25T00:00:00.000Z,"5220","16",20,10,0
2021-05-26T00:00:00.000Z,"4870","16",20,10,0
2021-05-27T00:00:00.000Z,"4370","16",20,10,0
2021-05-28T00:00:00.000Z,"4060","16",20,10,0
2021-05-29T00:00:00.000Z,"3740","16",20,10,0
2021-05-30T00:00:00.000Z,"3460","16",20,10,0
2021-05-31T00:00:00.000Z,"3250","16",20,10,0
2021-06-01T00:00:00.000Z,"3840","16",20,10,0
2021-06-02T00:00:00.000Z,"3250","16",20,10,0
2021-06-03T00:00:00.000Z,"3290","16",20,10,0
2021-06-04T00:00:00.000Z,"2970","16",20,10,0
2021-06-05T00:00:00.000Z,"8110","16",20,10,0
2021-06-06T00:00:00.000Z,"4570","16",20,10,0
2021-06-07T00:00:00.000Z,"3810","16",20,10,0
2021-06-08T00:00:00.000Z,"3470","16",20,10,0
2021-06-09T00:00:00.000Z,"3160","16",20,10,0
2021-06-10T00:00:00.000Z,"3060","16",20,10,0
2021-06-11T00:00:00.000Z,"2740","16",20,10,0
2021-06-12T00:00:00.000Z,"2450","16",20,10,0
2021-06-13T00:00:00.000Z,"2280","16",20,10,0
2021-06-14T00:00:00.000Z,"2080","16",20,10,0
2021-06-15T00:00:00.000Z,"1930","16",20,10,0
2021-06-16T00:00:00.000Z,"1840","16",20,10,0
2021-06-17T00:00:00.000Z,"1810","16",20,10,0
2021-06-18T00:00:00.000Z,"1780","16",20,10,0
2021-06-19T00:00:00.000Z,"1780","16",20,10,0
2021-06-20T00:00:00.000Z,"1910","16",20,10,0
2021-06-21T00:00:00.000Z,"3310","16",20,10,0
2021-06-22T00:00:00.000Z,"6170","16",20,10,0
2021-06-23T00:00:00.000Z,"4260","16",20,10,0
2021-06-24T00:00:00.000Z,"9800","16",20,10,0
2021-06-25T00:00:00.000Z,"5240","16",20,10,0
2021-06-26T00:00:00.000Z,"3680","16",20,10,0
2021-06-27T00:00:00.000Z,"3060","16",20,10,0
2021-06-28T00:00:00.000Z,"4260","16",20,10,0
2021-06-29T00:00:00.000Z,"3390","16",20,10,0
2021-06-30T00:00:00.000Z,"3500","16",20,10,0
2021-07-01T00:00:00.000Z,"3030","16",20,10,0
2021-07-02T00:00:00.000Z,"2680","16",20,10,0
2021-07-03T00:00:00.000Z,"2610","16",20,10,0
2021-07-04T00:00:00.000Z,"3260","16",20,10,0
2021-07-05T00:00:00.000Z,"3390","16",20,10,0
2021-07-06T00:00:00.000Z,"4880","16",20,10,0
2021-07-07T00:00:00.000Z,"6210","16",20,10,0
2021-07-08T00:00:00.000Z,"6600","16",20,10,0
2021-07-09T00:00:00.000Z,"4340","16",20,10,0
2021-07-10T00:00:00.000Z,"3530","16",20,10,0
2021-07-11T00:00:00.000Z,"3250","16",20,10,0
2021-07-12T00:00:00.000Z,"3090","16",20,10,0
2021-07-13T00:00:00.000Z,"8280","16",20,10,0
2021-07-14T00:00:00.000Z,"5800","16",20,10,0
2021-07-15T00:00:00.000Z,"6950","16",20,10,0
2021-07-16T00:00:00.000Z,"5760","16",20,10,0
2021-07-17T00:00:00.000Z,"5080","16",20,10,0
2021-07-18T00:00:00.000Z,"4520","16",20,10,0
2021-07-19T00:00:00.000Z,"3850","16",20,10,0
2021-07-20T00:00:00.000Z,"3430","16",20,10,0
2021-07-21T00:00:00.000Z,"3120","16",20,10,0
2021-07-22T00:00:00.000Z,"2860","16",20,10,0
2021-07-23T00:00:00.000Z,"2500","16",20,10,0
2021-07-24T00:00:00.000Z,"2350","16",20,10,0
2021-07-25T00:00:00.000Z,"2550","16",20,10,0
2021-07-26T00:00:00.000Z,"2170","16",20,10,0
2021-07-27T00:00:00.000Z,"1970","16",20,10,0
2021-07-28T00:00:00.000Z,"2400","16",20,10,0
2021-07-29T00:00:00.000Z,"2120","16",20,10,0
2021-07-30T00:00:00.000Z,"1860","16",20,10,0
2021-07-31T00:00:00.000Z,"1860","16",20,10,0
2021-08-01T00:00:00.000Z,"1990","16",20,10,0
2021-08-02T00:00:00.000Z,"1930","16",20,10,0
2021-08-03T00:00:00.000Z,"1820","16",20,10,0
2021-08-04T00:00:00.000Z,"2430","16",20,10,0
2021-08-05T00:00:00.000Z,"2700","16",20,10,0
2021-08-06T00:00:00.000Z,"2040","16",20,10,0
2021-08-07T00:00:00.000Z,"2730","16",20,10,0
2021-08-08T00:00:00.000Z,"3790","16",20,10,0
2021-08-09T00:00:00.000Z,"2050","16",20,10,0
2021-08-10T00:00:00.000Z,"1840","16",20,10,0
2021-08-11T00:00:00.000Z,"1690","16",20,10,0
2021-08-12T00:00:00.000Z,"3360","16",20,10,0
2021-08-13T00:00:00.000Z,"10100","16",20,10,0
2021-08-14T00:00:00.000Z,"3330","16",20,10,0
2021-08-15T00:00:00.000Z,"2420","16",20,10,0
2021-08-16T00:00:00.000Z,"1970","16",20,10,0
2021-08-17T00:00:00.000Z,"1840","16",20,10,0
2021-08-18T00:00:00.000Z,"1740","16",20,10,0
2021-08-19T00:00:00.000Z,"1710","16",20,10,0
2021-08-20T00:00:00.000Z,"1600","16",20,10,0
2021-08-21T00:00:00.000Z,"1500","16",20,10,0
2021-08-22T00:00:00.000Z,"1400","16",20,10,0
2021-08-23T00:00:00.000Z,"1370","16",20,10,0
2021-08-24T00:00:00.000Z,"1310","16",20,10,0
2021-08-25T00:00:00.000Z,"1340","16",20,10,0
2021-08-26T00:00:00.000Z,"1270","16",20,10,0
2021-08-27T00:00:00.000Z,"1190","16",20,10,0
2021-08-28T00:00:00.000Z,"1140","16",20,10,0
2021-08-29T00:00:00.000Z,"1090","16",20,10,0
2021-08-30T00:00:00.000Z,"1070","16",20,10,0
2021-08-31T00:00:00.000Z,"1070","16",20,10,0
2021-09-01T00:00:00.000Z,"1060","16",20,10,0
2021-09-02T00:00:00.000Z,"943","16",20,10,0
2021-09-03T00:00:00.000Z,"942","16",20,10,0
2021-09-04T00:00:00.000Z,"977","16",20,10,0
2021-09-05T00:00:00.000Z,"1070","16",20,10,0
2021-09-06T00:00:00.000Z,"966","16",20,10,0
2021-09-07T00:00:00.000Z,"889","16",20,10,0
2021-09-08T00:00:00.000Z,"844","16",20,10,0
2021-09-09T00:00:00.000Z,"825","16",20,10,0
2021-09-10T00:00:00.000Z,"1020","16",20,10,0
2021-09-11T00:00:00.000Z,"1220","16",20,10,0
2021-09-12T00:00:00.000Z,"1010","16",20,10,0
2021-09-13T00:00:00.000Z,"932","16",20,10,0
2021-09-14T00:00:00.000Z,"883","16",20,10,0
2021-09-15T00:00:00.000Z,"1310","16",20,10,0
2021-09-16T00:00:00.000Z,"2150","16",20,10,0
2021-09-17T00:00:00.000Z,"1830","16",20,10,0
2021-09-18T00:00:00.000Z,"1500","16",20,10,0
2021-09-19T00:00:00.000Z,"2120","16",20,10,0
2021-09-20T00:00:00.000Z,"2640","16",20,10,0
2021-09-21T00:00:00.000Z,"2080","16",20,10,0
2021-09-22T00:00:00.000Z,"1710","16",20,10,0
2021-09-23T00:00:00.000Z,"1410","16",20,10,0
2021-09-24T00:00:00.000Z,"1320","16",20,10,0
2021-09-25T00:00:00.000Z,"1210","16",20,10,0
2021-09-26T00:00:00.000Z,"1370","16",20,10,0
2021-09-27T00:00:00.000Z,"1530","16",20,10,0
2021-09-28T00:00:00.000Z,"1330","16",20,10,0
2021-09-29T00:00:00.000Z,"1290","16",20,10,0
2021-09-30T00:00:00.000Z,"1170","16",20,10,0
2021-10-01T00:00:00.000Z,"1140","16",20,10,0
2021-10-02T00:00:00.000Z,"1110","16",20,10,0
2021-10-03T00:00:00.000Z,"1310","16",20,10,0
2021-10-04T00:00:00.000Z,"11500","16",20,10,0
2021-10-05T00:00:00.000Z,"3910","16",20,10,0
2021-10-06T00:00:00.000Z,"2690","16",20,10,0
2021-10-07T00:00:00.000Z,"2230","16",20,10,0
2021-10-08T00:00:00.000Z,"1920","16",20,10,0
2021-10-09T00:00:00.000Z,"1800","16",20,10,0
2021-10-10T00:00:00.000Z,"1730","16",20,10,0
2021-10-11T00:00:00.000Z,"1640","16",20,10,0
2021-10-12T00:00:00.000Z,"1560","16",20,10,0
2021-10-13T00:00:00.000Z,"1520","16",20,10,0
2021-10-14T00:00:00.000Z,"1480","16",20,10,0
2021-10-15T00:00:00.000Z,"1440","16",20,10,0
2021-10-16T00:00:00.000Z,"1410","16",20,10,0
2021-10-17T00:00:00.000Z,"1370","16",20,10,0
2021-10-18T00:00:00.000Z,"1330","16",20,10,0
2021-10-19T00:00:00.000Z,"1300","16",20,10,0
2021-10-20T00:00:00.000Z,"1260","16",20,10,0
2021-10-21T00:00:00.000Z,"1380","16",20,10,0
2021-10-22T00:00:00.000Z,"1530","16",20,10,0
2021-10-23T00:00:00.000Z,"1400","16",20,10,0
2021-10-24T00:00:00.000Z,"1330","16",20,10,0
2021-10-25T00:00:00.000Z,"1320","16",20,10,0
2021-10-26T00:00:00.000Z,"1370","16",20,10,0
2021-10-27T00:00:00.000Z,"1410","16",20,10,0
2021-10-28T00:00:00.000Z,"1370","16",20,10,0
2021-10-29T00:00:00.000Z,"1300","16",20,10,0
2021-10-30T00:00:00.000Z,"1290","16",20,10,0
2021-10-31T00:00:00.000Z,"1370","16",20,10,0
2021-11-01T00:00:00.000Z,"4050","16",20,10,0
2021-11-02T00:00:00.000Z,"3140","16",20,10,0
2021-11-03T00:00:00.000Z,"2500","16",20,10,0
2021-11-04T00:00:00.000Z,"2450","16",20,10,0
2021-11-05T00:00:00.000Z,"2270","16",20,10,0
2021-11-06T00:00:00.000Z,"2040","16",20,10,0
2021-11-07T00:00:00.000Z,"1880","16",20,10,0
2021-11-08T00:00:00.000Z,"1790","16",20,10,0
2021-11-09T00:00:00.000Z,"1740","16",20,10,0
2021-11-10T00:00:00.000Z,"1690","16",20,10,0
2021-11-11T00:00:00.000Z,"1660","16",20,10,0
2021-11-12T00:00:00.000Z,"1630","16",20,10,0
2021-11-13T00:00:00.000Z,"1590","16",20,10,0
2021-11-14T00:00:00.000Z,"1640","16",20,10,0
2021-11-15T00:00:00.000Z,"1900","16",20,10,0
2021-11-16T00:00:00.000Z,"1780","16",20,10,0
2021-11-17T00:00:00.000Z,"2010","16",20,10,0
2021-11-18T00:00:00.000Z,"1510","16",20,10,0
2021-11-19T00:00:00.000Z,"1690","16",20,10,0
2021-11-20T00:00:00.000Z,"1630","16",20,10,0
2021-11-21T00:00:00.000Z,"1580","16",20,10,0
2021-11-22T00:00:00.000Z,"1580","16",20,10,0
2021-11-23T00:00:00.000Z,"1570","16",20,10,0
2021-11-24T00:00:00.000Z,"1590","16",20,10,0
2021-11-25T00:00:00.000Z,"1590","16",20,10,0
2021-11-26T00:00:00.000Z,"1740","16",20,10,0
2021-11-27T00:00:00.000Z,"1680","16",20,10,0
2021-11-28T00:00:00.000Z,"1730","16",20,10,0
2021-11-29T00:00:00.000Z,"1750","16",20,10,0
2021-11-30T00:00:00.000Z,"1700","16",20,10,0
2021-12-01T00:00:00.000Z,"1640","16",20,10,0
2021-12-02T00:00:00.000Z,"2400","16",20,10,0
2021-12-03T00:00:00.000Z,"1980","16",20,10,0
2021-12-04T00:00:00.000Z,"4820","16",20,10,0
2021-12-05T00:00:00.000Z,"7270","16",20,10,0
2021-12-06T00:00:00.000Z,"4280","16",20,10,0
2021-12-07T00:00:00.000Z,"3780","16",20,10,0
2021-12-08T00:00:00.000Z,"6360","16",20,10,0
2021-12-09T00:00:00.000Z,"5840","16",20,10,0
2021-12-10T00:00:00.000Z,"5510","16",20,10,0
2021-12-11T00:00:00.000Z,"5810","16",20,10,0
2021-12-12T00:00:00.000Z,"4850","16",20,10,0
2021-12-13T00:00:00.000Z,"4940","16",20,10,0
2021-12-14T00:00:00.000Z,"4890","16",20,10,0
2021-12-15T00:00:00.000Z,"4710","16",20,10,0
2021-12-16T00:00:00.000Z,"4500","16",20,10,0
2021-12-17T00:00:00.000Z,"4280","16",20,10,0
2021-12-18T00:00:00.000Z,"4100","16",20,10,0
2021-12-19T00:00:00.000Z,"3770","16",20,10,0
2021-12-20T00:00:00.000Z,"3420","16",20,10,0
2021-12-21T00:00:00.000Z,"3050","16",20,10,0
2021-12-22T00:00:00.000Z,"4220","16",20,10,0
2021-12-23T00:00:00.000Z,"4170","16",20,10,0
2021-12-24T00:00:00.000Z,"3460","16",20,10,0
2021-12-25T00:00:00.000Z,"3720","16",20,10,0
2021-12-26T00:00:00.000Z,"3990","16",20,10,0
2021-12-27T00:00:00.000Z,"5250","16",20,10,0
2021-12-28T00:00:00.000Z,"12900","16",20,10,0
2021-12-29T00:00:00.000Z,"45400","16",20,10,0
2021-12-30T00:00:00.000Z,"36200","16",20,10,0
2021-12-31T00:00:00.000Z,"24600","16",20,10,0
2022-01-01T00:00:00.000Z,"18800","16",20,10,0
2022-01-02T00:00:00.000Z,"15600","16",20,10,0
2022-01-03T00:00:00.000Z,"13700","16",20,10,0
2022-01-04T00:00:00.000Z,"12200","16",20,10,0
2022-01-05T00:00:00.000Z,"12300","16",20,10,0
2022-01-06T00:00:00.000Z,"10300","16",20,10,0
2022-01-07T00:00:00.000Z,"9280","16",20,10,0
2022-01-08T00:00:00.000Z,"10800","16",20,10,0
2022-01-09T00:00:00.000Z,"13200","16",20,10,0
2022-01-10T00:00:00.000Z,"11100","16",20,10,0
2022-01-11T00:00:00.000Z,"9410","16",20,10,0
2022-01-12T00:00:00.000Z,"8400","16",20,10,0
2022-01-13T00:00:00.000Z,"7670","16",20,10,0
2022-01-14T00:00:00.000Z,"7020","16",20,10,0
2022-01-15T00:00:00.000Z,"6970","16",20,10,0
2022-01-16T00:00:00.000Z,"6320","16",20,10,0
2022-01-17T00:00:00.000Z,"5940","16",20,10,0
2022-01-18T00:00:00.000Z,"5800","16",20,10,0
2022-01-19T00:00:00.000Z,"5550","16",20,10,0
2022-01-20T00:00:00.000Z,"5360","16",20,10,0
2022-01-21T00:00:00.000Z,"4790","16",20,10,0
2022-01-22T00:00:00.000Z,"4610","16",20,10,0
2022-01-23T00:00:00.000Z,"4450","16",20,10,0
2022-01-24T00:00:00.000Z,"4430","16",20,10,0
2022-01-25T00:00:00.000Z,"4100","16",20,10,0
2022-01-26T00:00:00.000Z,"5440","16",20,10,0
2022-01-27T00:00:00.000Z,"3420","16",20,10,0
2022-01-28T00:00:00.000Z,"4600","16",20,10,0
2022-01-29T00:00:00.000Z,"3760","16",20,10,0
2022-01-30T00:00:00.000Z,"2090","16",20,10,0
2022-01-31T00:00:00.000Z,"3870","16",20,10,0
2022-02-01T00:00:00.000Z,"4410","16",20,10,0
2022-02-02T00:00:00.000Z,"5900","16",20,10,0
2022-02-03T00:00:00.000Z,"4990","16",20,10,0
2022-02-04T00:00:00.000Z,"5150","16",20,10,0
2022-02-05T00:00:00.000Z,"4490","16",20,10,0
2022-02-06T00:00:00.000Z,"4360","16",20,10,0
2022-02-07T00:00:00.000Z,"4510","16",20,10,0
2022-02-08T00:00:00.000Z,"4890","16",20,10,0
2022-02-09T00:00:00.000Z,"3650","16",20,10,0
2022-02-10T00:00:00.000Z,"3740","16",20,10,0
2022-02-11T00:00:00.000Z,"4320","16",20,10,0
2022-02-12T00:00:00.000Z,"3740","16",20,10,0
2022-02-13T00:00:00.000Z,"3730","16",20,10,0
2022-02-14T00:00:00.000Z,"3910","16",20,10,0
2022-02-15T00:00:00.000Z,"6390","16",20,10,0
2022-02-16T00:00:00.000Z,"7050","16",20,10,0
2022-02-17T00:00:00.000Z,"8650","16",20,10,0
2022-02-18T00:00:00.000Z,"7380","16",20,10,0
2022-02-19T00:00:00.000Z,"7080","16",20,10,0
2022-02-20T00:00:00.000Z,"5900","16",20,10,0
2022-02-21T00:00:00.000Z,"5950","16",20,10,0
2022-02-22T00:00:00.000Z,"7690","16",20,10,0
2022-02-23T00:00:00.000Z,"6510","16",20,10,0
2022-02-24T00:00:00.000Z,"6200","16",20,10,0
2022-02-25T00:00:00.000Z,"5260","16",20,10,0
2022-02-26T00:00:00.000Z,"4840","16",20,10,0
2022-02-27T00:00:00.000Z,"4970","16",20,10,0
2022-02-28T00:00:00.000Z,"5110","16",20,10,0
2022-03-01T00:00:00.000Z,"4200","16",20,10,0
2022-03-02T00:00:00.000Z,"4550","16",20,10,0
2022-03-03T00:00:00.000Z,"4320","16",20,10,0
2022-03-04T00:00:00.000Z,"3640","16",20,10,0
2022-03-05T00:00:00.000Z,"4080","16",20,10,0
2022-03-06T00:00:00.000Z,"3640","16",20,10,0
2022-03-07T00:00:00.000Z,"3400","16",20,10,0
2022-03-08T00:00:00.000Z,"3400","16",20,10,0
2022-03-09T00:00:00.000Z,"3400","16",20,10,0
2022-03-10T00:00:00.000Z,"3380","16",20,10,0
2022-03-11T00:00:00.000Z,"3050","16",20,10,0
2022-03-12T00:00:00.000Z,"3120","16",20,10,0
2022-03-13T00:00:00.000Z,"3260","16",20,10,0
2022-03-14T00:00:00.000Z,"3370","16",20,10,0
2022-03-15T00:00:00.000Z,"3910","16",20,10,0
2022-03-16T00:00:00.000Z,"3300","16",20,10,0
2022-03-17T00:00:00.000Z,"3170","16",20,10,0
2022-03-18T00:00:00.000Z,"2980","16",20,10,0
2022-03-19T00:00:00.000Z,"3110","16",20,10,0
2022-03-20T00:00:00.000Z,"3020","16",20,10,0
2022-03-21T00:00:00.000Z,"2230","16",20,10,0
2022-03-22T00:00:00.000Z,"2760","16",20,10,0
2022-03-23T00:00:00.000Z,"2290","16",20,10,0
2022-03-24T00:00:00.000Z,"2510","16",20,10,0
2022-03-25T00:00:00.000Z,"2300","16",20,10,0
2022-03-26T00:00:00.000Z,"2190","16",20,10,0
2022-03-27T00:00:00.000Z,"1590","16",20,10,0
2022-03-28T00:00:00.000Z,"2360","16",20,10,0
2022-03-29T00:00:00.000Z,"2240","16",20,10,0
2022-03-30T00:00:00.000Z,"2060","16",20,10,0
2022-03-31T00:00:00.000Z,"2110","16",20,10,0
2022-04-01T00:00:00.000Z,"2310","16",20,10,0
2022-04-02T00:00:00.000Z,"2750","16",20,10,0
2022-04-03T00:00:00.000Z,"2470","16",20,10,0
2022-04-04T00:00:00.000Z,"2160","16",20,10,0
2022-04-05T00:00:00.000Z,"3340","16",20,10,0
2022-04-06T00:00:00.000Z,"3990","16",20,10,0
2022-04-07T00:00:00.000Z,"3900","16",20,10,0
2022-04-08T00:00:00.000Z,"2970","16",20,10,0
2022-04-09T00:00:00.000Z,"2600","16",20,10,0
2022-04-10T00:00:00.000Z,"2450","16",20,10,0
2022-04-11T00:00:00.000Z,"2100","16",20,10,0
2022-04-12T00:00:00.000Z,"2300","16",20,10,0
2022-04-13T00:00:00.000Z,"2210","16",20,8,0
2022-04-14T00:00:00.000Z,"1810","16",20,8,0
2022-04-15T00:00:00.000Z,"1870","16",20,10,0
2022-04-16T00:00:00.000Z,"1990","16",20,10,0
2022-04-17T00:00:00.000Z,"1780","16",20,10,0
2022-04-18T00:00:00.000Z,"1730","16",20,10,0
2022-04-19T00:00:00.000Z,"1650","16",20,10,0
2022-04-20T00:00:00.000Z,"1750","16",20,10,0
2022-04-21T00:00:00.000Z,"1750","16",20,10,0
2022-04-22T00:00:00.000Z,"2230","16",20,10,0
2022-04-23T00:00:00.000Z,"1680","16",20,10,0
2022-04-24T00:00:00.000Z,"2620","16",20,10,0
2022-04-25T00:00:00.000Z,"3500","16",20,10,0
2022-04-26T00:00:00.000Z,"2530","16",20,10,0
2022-04-27T00:00:00.000Z,"1830","16",20,10,0
2022-04-28T00:00:00.000Z,"1920","16",20,10,0
2022-04-29T00:00:00.000Z,"1700","16",20,10,0
2022-04-30T00:00:00.000Z,"1190","16",20,10,0
2022-05-01T00:00:00.000Z,"2030","16",20,10,0
2022-05-02T00:00:00.000Z,"1910","16",20,10,0
2022-05-03T00:00:00.000Z,"1260","16",20,10,0
2022-05-04T00:00:00.000Z,"1710","16",20,10,0
2022-05-05T00:00:00.000Z,"2360","16",20,10,0
2022-05-06T00:00:00.000Z,"2340","16",20,10,0
2022-05-07T00:00:00.000Z,"2020","16",20,10,0
2022-05-08T00:00:00.000Z,"1250","16",20,10,0
2022-05-09T00:00:00.000Z,"2090","16",20,10,0
2022-05-10T00:00:00.000Z,"1080","16",20,10,0
2022-05-11T00:00:00.000Z,"1630","16",20,10,0
2022-05-12T00:00:00.000Z,"1280","16",20,10,0
2022-05-13T00:00:00.000Z,"1410","16",20,10,0
2022-05-14T00:00:00.000Z,"1410","16",20,10,0
2022-05-15T00:00:00.000Z,"1230","16",20,10,0
2022-05-16T00:00:00.000Z,"1210","16",20,10,0
2022-05-17T00:00:00.000Z,"1120","16",20,10,0
2022-05-18T00:00:00.000Z,"945","16",20,10,0
2022-05-19T00:00:00.000Z,"989","16",20,10,0
2022-05-20T00:00:00.000Z,"1050","16",20,10,0
2022-05-21T00:00:00.000Z,"914","16",20,10,0
2022-05-22T00:00:00.000Z,"984","16",20,10,0
2022-05-23T00:00:00.000Z,"2070","16",20,10,0
2022-05-24T00:00:00.000Z,"1980","16",20,10,0
2022-05-25T00:00:00.000Z,"1350","16",20,10,0
2022-05-26T00:00:00.000Z,"1020","16",20,10,0
2022-05-27T00:00:00.000Z,"959","16",20,10,0
2022-05-28T00:00:00.000Z,"1010","16",20,10,0
2022-05-29T00:00:00.000Z,"914","16",20,10,0
2022-05-30T00:00:00.000Z,"805","16",20,10,0
2022-05-31T00:00:00.000Z,"741","16",20,10,0
2022-06-01T00:00:00.000Z,"759","16",20,10,0
2022-06-02T00:00:00.000Z,"952","16",20,10,0
2022-06-03T00:00:00.000Z,"1210","16",20,10,0
2022-06-04T00:00:00.000Z,"1010","16",20,10,0
2022-06-05T00:00:00.000Z,"995","16",20,10,0
2022-06-06T00:00:00.000Z,"1180","16",20,10,0
2022-06-07T00:00:00.000Z,"922","16",20,10,0
2022-06-08T00:00:00.000Z,"874","16",20,10,0
2022-06-09T00:00:00.000Z,"910","16",20,10,0
2022-06-10T00:00:00.000Z,"869","16",20,10,0
2022-06-11T00:00:00.000Z,"796","16",20,10,0
2022-06-12T00:00:00.000Z,"748","16",20,10,0
2022-06-13T00:00:00.000Z,"690","16",20,10,0
2022-06-14T00:00:00.000Z,"691","16",20,10,0
2022-06-15T00:00:00.000Z,"670","16",20,10,0
2022-06-16T00:00:00.000Z,"609","16",20,10,0
2022-06-17T00:00:00.000Z,"581","16",20,10,0
2022-06-18T00:00:00.000Z,"531","16",20,10,0
2022-06-19T00:00:00.000Z,"493","16",20,10,0
2022-06-20T00:00:00.000Z,"438","16",20,10,0
2022-06-21T00:00:00.000Z,"496","16",20,10,0
2022-06-22T00:00:00.000Z,"481","16",20,10,0
2022-06-23T00:00:00.000Z,"1740","16",20,10,0
2022-06-24T00:00:00.000Z,"1610","16",20,10,0
2022-06-25T00:00:00.000Z,"1400","16",20,10,0
2022-06-26T00:00:00.000Z,"1630","16",20,10,0
2022-06-27T00:00:00.000Z,"1910","16",20,10,0
2022-06-28T00:00:00.000Z,"1240","16",20,10,0
2022-06-29T00:00:00.000Z,"1010","16",20,10,0
2022-06-30T00:00:00.000Z,"842","16",20,10,0
2022-07-01T00:00:00.000Z,"859","16",20,10,0
2022-07-02T00:00:00.000Z,"910","16",20,10,0
2022-07-03T00:00:00.000Z,"724","16",20,10,0
2022-07-04T00:00:00.000Z,"644","16",20,10,0
2022-07-05T00:00:00.000Z,"623","16",20,10,0
2022-07-06T00:00:00.000Z,"611","16",20,10,0
2022-07-07T00:00:00.000Z,"539","16",20,10,0
2022-07-08T00:00:00.000Z,"497","16",20,10,0
2022-07-09T00:00:00.000Z,"468","16",20,10,0
2022-07-10T00:00:00.000Z,"440","16",20,10,0
2022-07-11T00:00:00.000Z,"397","16",20,10,0
2022-07-12T00:00:00.000Z,"444","16",20,10,0
2022-07-13T00:00:00.000Z,"358","16",20,10,0
2022-07-14T00:00:00.000Z,"327","16",20,10,0
2022-07-15T00:00:00.000Z,"298","16",20,10,0
2022-07-16T00:00:00.000Z,"275","16",20,10,0
2022-07-17T00:00:00.000Z,"250","16",20,10,0
2022-07-18T00:00:00.000Z,"230","16",20,10,0
2022-07-19T00:00:00.000Z,"215","16",20,10,0
2022-07-20T00:00:00.000Z,"202","16",20,10,0
2022-07-21T00:00:00.000Z,"174","16",20,10,0
2022-07-22T00:00:00.000Z,"188","16",20,10,0
2022-07-23T00:00:00.000Z,"233","16",20,10,0
2022-07-24T00:00:00.000Z,"191","16",20,10,0
2022-07-25T00:00:00.000Z,"181","16",20,10,0
2022-07-26T00:00:00.000Z,"178","16",20,10,0
2022-07-27T00:00:00.000Z,"148","16",20,10,0
2022-07-28T00:00:00.000Z,"125","16",20,10,0
2022-07-29T00:00:00.000Z,"139","16",20,10,0
2022-07-30T00:00:00.000Z,"136","16",20,10,0
2022-07-31T00:00:00.000Z,"134","16",20,10,0
2022-08-01T00:00:00.000Z,"146","16",20,10,0
2022-08-02T00:00:00.000Z,"113","16",20,10,0
2022-08-03T00:00:00.000Z,"118","16",20,10,0
2022-08-04T00:00:00.000Z,"123","16",20,10,0
2022-08-05T00:00:00.000Z,"661","16",12,10,0
2022-08-06T00:00:00.000Z,"428","16",20,10,0
2022-08-07T00:00:00.000Z,"353","16",20,10,0
2022-08-08T00:00:00.000Z,"309","16",20,10,0
2022-08-09T00:00:00.000Z,"239","16",20,10,0
2022-08-10T00:00:00.000Z,"201","16",20,10,0
2022-08-11T00:00:00.000Z,"164","16",20,10,0
2022-08-12T00:00:00.000Z,"148","16",20,10,0
2022-08-13T00:00:00.000Z,"135","16",20,10,0
2022-08-14T00:00:00.000Z,"497","16",20,10,0
2022-08-15T00:00:00.000Z,"648","16",20,10,0
2022-08-16T00:00:00.000Z,"592","16",20,10,0
2022-08-17T00:00:00.000Z,"605","16",20,10,0
2022-08-18T00:00:00.000Z,"2380","16",20,10,0
2022-08-19T00:00:00.000Z,"1150","16",20,10,0
2022-08-20T00:00:00.000Z,"922","16",20,10,0
2022-08-21T00:00:00.000Z,"677","16",20,10,0
2022-08-22T00:00:00.000Z,"568","16",20,10,0
2022-08-23T00:00:00.000Z,"499","16",20,10,0
2022-08-24T00:00:00.000Z,"458","16",20,10,0
2022-08-25T00:00:00.000Z,"404","16",20,10,0
2022-08-26T00:00:00.000Z,"380","16",20,10,0
2022-08-27T00:00:00.000Z,"348","16",20,10,0
2022-08-28T00:00:00.000Z,"381","16",20,10,0
2022-08-29T00:00:00.000Z,"350","16",20,10,0
2022-08-30T00:00:00.000Z,"332","16",20,10,0
2022-08-31T00:00:00.000Z,"289","16",20,10,0
2022-09-01T00:00:00.000Z,"360","16",20,10,0
2022-09-02T00:00:00.000Z,"345","16",20,10,0
2022-09-03T00:00:00.000Z,"484","16",20,10,0
2022-09-04T00:00:00.000Z,"524","16",20,10,0
2022-09-05T00:00:00.000Z,"401","16",20,10,0
2022-09-06T00:00:00.000Z,"376","16",20,10,0
2022-09-07T00:00:00.000Z,"763","16",20,10,0
2022-09-08T00:00:00.000Z,"1330","16",20,10,0
2022-09-09T00:00:00.000Z,"903","16",20,10,0
2022-09-10T00:00:00.000Z,"644","16",20,10,0
2022-09-11T00:00:00.000Z,"544","16",20,10,0
2022-09-12T00:00:00.000Z,"479","16",20,10,0
2022-09-13T00:00:00.000Z,"445","16",20,10,0
2022-09-14T00:00:00.000Z,"404","16",20,10,0
2022-09-15T00:00:00.000Z,"498","16",20,10,0
2022-09-16T00:00:00.000Z,"585","16",20,10,0
2022-09-17T00:00:00.000Z,"680","16",20,10,0
2022-09-18T00:00:00.000Z,"534","16",20,10,0
2022-09-19T00:00:00.000Z,"549","16",20,10,0
2022-09-20T00:00:00.000Z,"434","16",20,10,0
2022-09-21T00:00:00.000Z,"412","16",20,10,0
2022-09-22T00:00:00.000Z,"384","16",20,10,0
2022-09-23T00:00:00.000Z,"372","16",20,10,0
2022-09-24T00:00:00.000Z,"522","16",20,10,0
2022-09-25T00:00:00.000Z,"731","16",20,10,0
2022-09-26T00:00:00.000Z,"783","16",20,10,0
2022-09-27T00:00:00.000Z,"731","16",20,10,0
2022-09-28T00:00:00.000Z,"818","16",20,10,0
2022-09-29T00:00:00.000Z,"3380","16",20,10,0
2022-09-30T00:00:00.000Z,"1940","16",20,10,0
2022-10-01T00:00:00.000Z,"1290","16",20,10,0
2022-10-02T00:00:00.000Z,"1150","16",20,10,0
2022-10-03T00:00:00.000Z,"1090","16",20,10,0
2022-10-04T00:00:00.000Z,"1000","16",20,10,0
2022-10-05T00:00:00.000Z,"900","16",20,10,0
2022-10-06T00:00:00.000Z,"825","16",20,10,0
2022-10-07T00:00:00.000Z,"794","16",20,10,0
2022-10-08T00:00:00.000Z,"794","16",20,10,0
2022-10-09T00:00:00.000Z,"854","16",20,10,0
2022-10-10T00:00:00.000Z,"799","16",20,10,0
2022-10-11T00:00:00.000Z,"757","16",20,10,0
2022-10-12T00:00:00.000Z,"746","16",20,10,0
2022-10-13T00:00:00.000Z,"751","16",20,10,0
2022-10-14T00:00:00.000Z,"807","16",20,10,0
2022-10-15T00:00:00.000Z,"798","16",20,10,0
2022-10-16T00:00:00.000Z,"823","16",20,10,0
2022-10-17T00:00:00.000Z,"763","16",20,10,0
2022-10-18T00:00:00.000Z,"724","16",20,10,0
2022-10-19T00:00:00.000Z,"708","16",20,10,0
2022-10-20T00:00:00.000Z,"736","16",20,10,0
2022-10-21T00:00:00.000Z,"895","16",20,10,0
2022-10-22T00:00:00.000Z,"1140","16",20,10,0
2022-10-23T00:00:00.000Z,"1110","16",20,10,0
2022-10-24T00:00:00.000Z,"909","16",20,10,0
2022-10-25T00:00:00.000Z,"835","16",20,10,0
2022-10-26T00:00:00.000Z,"791","16",20,10,0
2022-10-27T00:00:00.000Z,"760","16",20,10,0
2022-10-28T00:00:00.000Z,"745","16",20,10,0
2022-10-29T00:00:00.000Z,"723","16",20,10,0
2022-10-30T00:00:00.000Z,"704","16",20,10,0
2022-10-31T00:00:00.000Z,"661","16",20,10,0
2022-11-01T00:00:00.000Z,"743","16",20,10,0
2022-11-02T00:00:00.000Z,"863","16",20,10,0
2022-11-03T00:00:00.000Z,"796","16",20,10,0
2022-11-04T00:00:00.000Z,"779","16",20,10,0
2022-11-05T00:00:00.000Z,"885","16",20,10,0
2022-11-06T00:00:00.000Z,"1150","16",20,10,0
2022-11-07T00:00:00.000Z,"958","16",20,10,0
2022-11-08T00:00:00.000Z,"870","16",20,10,0
2022-11-09T00:00:00.000Z,"1380","16",20,10,0
2022-11-10T00:00:00.000Z,"1600","16",20,10,0
2022-11-11T00:00:00.000Z,"1320","16",20,10,0
2022-11-12T00:00:00.000Z,"1120","16",20,10,0
2022-11-13T00:00:00.000Z,"1030","16",20,10,0
2022-11-14T00:00:00.000Z,"973","16",20,10,0
2022-11-15T00:00:00.000Z,"1030","16",20,10,0
2022-11-16T00:00:00.000Z,"1230","16",20,10,0
2022-11-17T00:00:00.000Z,"1250","16",20,10,0
2022-11-18T00:00:00.000Z,"1180","16",20,10,0
2022-11-19T00:00:00.000Z,"1290","16",20,10,0
2022-11-20T00:00:00.000Z,"1180","16",20,10,0
2022-11-21T00:00:00.000Z,"1170","16",20,10,0
2022-11-22T00:00:00.000Z,"1780","16",20,10,0
2022-11-23T00:00:00.000Z,"2020","16",20,10,0
2022-11-24T00:00:00.000Z,"1810","16",20,10,0
2022-11-25T00:00:00.000Z,"1730","16",20,10,0
2022-11-26T00:00:00.000Z,"1690","16",20,10,0
2022-11-27T00:00:00.000Z,"1560","16",20,10,0
2022-11-28T00:00:00.000Z,"1610","16",20,10,0
2022-11-29T00:00:00.000Z,"2230","16",20,10,0
2022-11-30T00:00:00.000Z,"1810","16",20,10,0
2022-12-01T00:00:00.000Z,"1900","16",20,10,0
2022-12-02T00:00:00.000Z,"1710","16",20,10,0
2022-12-03T00:00:00.000Z,"1710","16",20,10,0
2022-12-04T00:00:00.000Z,"1740","16",20,10,0
2022-12-05T00:00:00.000Z,"2460","16",20,10,0
2022-12-06T00:00:00.000Z,"1960","16",20,10,0
2022-12-07T00:00:00.000Z,"1350","16",20,10,0
2022-12-08T00:00:00.000Z,"1860","16",20,10,0
2022-12-09T00:00:00.000Z,"1940","16",20,10,0
2022-12-10T00:00:00.000Z,"2940","16",20,10,0
2022-12-11T00:00:00.000Z,"2100","16",20,10,0
2022-12-12T00:00:00.000Z,"1410","16",20,10,0
2022-12-13T00:00:00.000Z,"2410","16",20,10,0
2022-12-14T00:00:00.000Z,"3030","16",20,10,0
2022-12-15T00:00:00.000Z,"6020","16",20,10,0
2022-12-16T00:00:00.000Z,"16100","16",20,10,0
2022-12-17T00:00:00.000Z,"7980","16",20,10,0
2022-12-18T00:00:00.000Z,"4890","16",20,10,0
2022-12-19T00:00:00.000Z,"6330","16",20,10,0
2022-12-20T00:00:00.000Z,"4450","16",20,10,0
2022-12-21T00:00:00.000Z,"4700","16",20,10,0
2022-12-22T00:00:00.000Z,"4820","16",20,10,0
2022-12-23T00:00:00.000Z,"4530","16",20,10,0
2022-12-24T00:00:00.000Z,"4530","16",20,10,0
2022-12-25T00:00:00.000Z,"3800","16",20,10,0
2022-12-26T00:00:00.000Z,"3960","16",20,10,0
2022-12-27T00:00:00.000Z,"3540","16",20,10,0
2022-12-28T00:00:00.000Z,"3280","16",20,10,0
2022-12-29T00:00:00.000Z,"3160","16",20,10,0
2022-12-30T00:00:00.000Z,"4140","16",20,10,0
2022-12-31T00:00:00.000Z,"3260","16",20,10,0
2023-01-01T00:00:00.000Z,"3170","16",20,10,0
2023-01-02T00:00:00.000Z,"3520","16",20,10,0
2023-01-03T00:00:00.000Z,"4090","16",20,10,0
2023-01-04T00:00:00.000Z,"4060","16",20,10,0
2023-01-05T00:00:00.000Z,"3330","16",20,10,0
2023-01-06T00:00:00.000Z,"3290","16",20,10,0
2023-01-07T00:00:00.000Z,"3230","16",20,10,0
2023-01-08T00:00:00.000Z,"3090","16",20,10,0
2023-01-09T00:00:00.000Z,"4420","16",20,10,0
2023-01-10T00:00:00.000Z,"3960","16",20,10,0
2023-01-11T00:00:00.000Z,"3920","16",20,10,0
2023-01-12T00:00:00.000Z,"4210","16",20,10,0
2023-01-13T00:00:00.000Z,"3650","16",20,10,0
2023-01-14T00:00:00.000Z,"3200","16",20,10,0
2023-01-15T00:00:00.000Z,"3390","16",20,10,0
2023-01-16T00:00:00.000Z,"4740","16",20,10,0
2023-01-17T00:00:00.000Z,"3850","16",20,10,0
2023-01-18T00:00:00.000Z,"3800","16",20,10,0
2023-01-19T00:00:00.000Z,"3070","16",20,10,0
2023-01-20T00:00:00.000Z,"3170","16",20,10,0
2023-01-21T00:00:00.000Z,"3180","16",20,10,0
2023-01-22T00:00:00.000Z,"2840","16",20,10,0
2023-01-23T00:00:00.000Z,"2900","16",20,10,0
2023-01-24T00:00:00.000Z,"2890","16",20,10,0
2023-01-25T00:00:00.000Z,"2760","16",20,10,0
2023-01-26T00:00:00.000Z,"2660","16",20,10,0
2023-01-27T00:00:00.000Z,"2840","16",20,10,0
2023-01-28T00:00:00.000Z,"2430","16",20,10,0
2023-01-29T00:00:00.000Z,"1910","16",20,10,0
2023-01-30T00:00:00.000Z,"2630","16",20,10,0
2023-01-31T00:00:00.000Z,"2510","16",20,10,0
2023-02-01T00:00:00.000Z,"2490","16",20,10,0
2023-02-02T00:00:00.000Z,"2590","16",20,10,0
2023-02-03T00:00:00.000Z,"2640","16",20,10,0
2023-02-04T00:00:00.000Z,"2600","16",20,10,0
2023-02-05T00:00:00.000Z,"2330","16",20,10,0
2023-02-06T00:00:00.000Z,"3270","16",20,10,0
2023-02-07T00:00:00.000Z,"2070","16",20,10,0
2023-02-08T00:00:00.000Z,"2680","16",20,10,0
2023-02-09T00:00:00.000Z,"2100","16",20,10,0
2023-02-10T00:00:00.000Z,"2110","16",20,10,0
2023-02-11T00:00:00.000Z,"1850","16",20,8,0
2023-02-12T00:00:00.000Z,"2260","16",20,8,0
2023-02-13T00:00:00.000Z,"2190","16",20,8,0
2023-02-14T00:00:00.000Z,"1820","16",20,8,0
2023-02-15T00:00:00.000Z,"2140","16",20,8,0
2023-02-16T00:00:00.000Z,"2140","16",20,10,0
2023-02-17T00:00:00.000Z,"1770","16",20,10,0
2023-02-18T00:00:00.000Z,"1830","16",20,10,0
2023-02-19T00:00:00.000Z,"1850","16",20,10,0
2023-02-20T00:00:00.000Z,"2100","16",20,10,0
2023-02-21T00:00:00.000Z,"1980","16",20,10,0
2023-02-22T00:00:00.000Z,"2190","16",20,10,0
2023-02-23T00:00:00.000Z,"1990","16",20,10,0
2023-02-24T00:00:00.000Z,"2070","16",20,10,0
2023-02-25T00:00:00.000Z,"2600","16",20,10,0
2023-02-26T00:00:00.000Z,"1770","16",20,10,0
2023-02-27T00:00:00.000Z,"1850","16",20,10,0
2023-02-28T00:00:00.000Z,"1750","16",20,10,0
2023-03-01T00:00:00.000Z,"1980","16",20,10,0
2023-03-02T00:00:00.000Z,"2010","16",20,10,0
2023-03-03T00:00:00.000Z,"1740","16",20,10,0
2023-03-04T00:00:00.000Z,"1910","16",20,10,0
2023-03-05T00:00:00.000Z,"1740","16",20,10,0
2023-03-06T00:00:00.000Z,"1850","16",20,10,0
2023-03-07T00:00:00.000Z,"1410","16",20,10,0
2023-03-08T00:00:00.000Z,"1690","16",20,10,0
2023-03-09T00:00:00.000Z,"2700","16",20,10,0
2023-03-10T00:00:00.000Z,"2690","16",20,10,0
2023-03-11T00:00:00.000Z,"10400","16",20,10,0
2023-03-12T00:00:00.000Z,"13000","16",20,10,0
2023-03-13T00:00:00.000Z,"6440","16",20,10,0
2023-03-14T00:00:00.000Z,"12300","16",20,10,0
2023-03-15T00:00:00.000Z,"10600","16",20,10,0
2023-03-16T00:00:00.000Z,"8790","16",20,10,0
2023-03-17T00:00:00.000Z,"7500","16",20,10,0
2023-03-18T00:00:00.000Z,"7430","16",20,10,0
2023-03-19T00:00:00.000Z,"5920","16",20,10,0
2023-03-20T00:00:00.000Z,"6220","16",20,10,0
2023-03-21T00:00:00.000Z,"5760","16",20,10,0
2023-03-22T00:00:00.000Z,"5660","16",20,10,0
2023-03-23T00:00:00.000Z,"4520","16",20,10,0
2023-03-24T00:00:00.000Z,"4880","16",20,10,0
2023-03-25T00:00:00.000Z,"4290","16",20,10,0
2023-03-26T00:00:00.000Z,"4230","16",20,10,0
2023-03-27T00:00:00.000Z,"7250","16",20,10,0
2023-03-28T00:00:00.000Z,"5060","16",20,10,0
2023-03-29T00:00:00.000Z,"4440","16",20,10,0
2023-03-30T00:00:00.000Z,"4150","16",20,10,0
2023-03-31T00:00:00.000Z,"3480","16",20,10,0
2023-04-01T00:00:00.000Z,"4020","16",20,10,0
2023-04-02T00:00:00.000Z,"5330","16",20,10,0
2023-04-03T00:00:00.000Z,"5280","16",20,10,0
2023-04-04T00:00:00.000Z,"4290","16",20,10,0
2023-04-05T00:00:00.000Z,"3610","16",20,10,0
2023-04-06T00:00:00.000Z,"3650","16",20,10,0
2023-04-07T00:00:00.000Z,"3480","16",20,10,0
2023-04-08T00:00:00.000Z,"3090","16",20,10,0
2023-04-09T00:00:00.000Z,"3230","16",20,10,0
2023-04-10T00:00:00.000Z,"2150","16",20,10,0
2023-04-11T00:00:00.000Z,"2810","16",20,10,0
2023-04-12T00:00:00.000Z,"3200","16",20,10,0
2023-04-13T00:00:00.000Z,"3640","16",20,10,0
2023-04-14T00:00:00.000Z,"2800","16",20,10,0
2023-04-15T00:00:00.000Z,"4260","16",20,10,0
2023-04-16T00:00:00.000Z,"5410","16",20,10,0
2023-04-17T00:00:00.000Z,"4400","16",20,10,0
2023-04-18T00:00:00.000Z,"3010","16",20,10,0
2023-04-19T00:00:00.000Z,"3790","16",20,10,0
2023-04-20T00:00:00.000Z,"3510","16",20,10,0
2023-04-21T00:00:00.000Z,"3520","16",20,10,0
2023-04-22T00:00:00.000Z,"3490","16",20,10,0
2023-04-23T00:00:00.000Z,"3870","16",20,10,0
2023-04-24T00:00:00.000Z,"3980","16",20,10,0
2023-04-25T00:00:00.000Z,"3570","16",20,10,0
2023-04-26T00:00:00.000Z,"2880","16",20,10,0
2023-04-27T00:00:00.000Z,"3160","16",20,10,0
2023-04-28T00:00:00.000Z,"3130","16",20,10,0
2023-04-29T00:00:00.000Z,"4400","16",20,10,0
2023-04-30T00:00:00.000Z,"3210","16",20,10,0
2023-05-01T00:00:00.000Z,"3620","16",20,10,0
2023-05-02T00:00:00.000Z,"3580","16",20,10,0
2023-05-03T00:00:00.000Z,"2570","16",20,10,0
2023-05-04T00:00:00.000Z,"2940","16",20,10,0
2023-05-05T00:00:00.000Z,"2400","16",20,10,0
2023-05-06T00:00:00.000Z,"2330","16",20,10,0
2023-05-07T00:00:00.000Z,"2650","16",20,10,0
2023-05-08T00:00:00.000Z,"4330","16",20,10,0
2023-05-09T00:00:00.000Z,"2930","16",20,10,0
2023-05-10T00:00:00.000Z,"6460","16",20,10,0
2023-05-11T00:00:00.000Z,"5060","16",20,10,0
2023-05-12T00:00:00.000Z,"4410","16",20,10,0
2023-05-13T00:00:00.000Z,"5600","16",20,10,0
2023-05-14T00:00:00.000Z,"9910","16",20,10,0
2023-05-15T00:00:00.000Z,"8220","16",20,10,0
2023-05-16T00:00:00.000Z,"5930","16",20,10,0
2023-05-17T00:00:00.000Z,"6060","16",20,10,0
2023-05-18T00:00:00.000Z,"4580","16",20,10,0
2023-05-19T00:00:00.000Z,"4730","16",20,10,0
2023-05-20T00:00:00.000Z,"4800","16",20,10,0
2023-05-21T00:00:00.000Z,"3720","16",20,10,0
2023-05-22T00:00:00.000Z,"4510","16",20,10,0
2023-05-23T00:00:00.000Z,"5260","16",20,10,0
2023-05-24T00:00:00.000Z,"5210","16",20,10,0
2023-05-25T00:00:00.000Z,"3820","16",20,10,0
2023-05-26T00:00:00.000Z,"3010","16",20,10,0
2023-05-27T00:00:00.000Z,"3640","16",20,10,0
2023-05-28T00:00:00.000Z,"3040","16",20,10,0
2023-05-29T00:00:00.000Z,"3520","16",20,10,0
2023-05-30T00:00:00.000Z,"2350","16",20,10,0
2023-05-31T00:00:00.000Z,"2590","16",20,10,0
2023-06-01T00:00:00.000Z,"2530","16",20,10,0
2023-06-02T00:00:00.000Z,"2320","16",20,10,0
2023-06-03T00:00:00.000Z,"2430","16",20,10,0
2023-06-04T00:00:00.000Z,"2380","16",20,10,0
2023-06-05T00:00:00.000Z,"3380","16",20,10,0
2023-06-06T00:00:00.000Z,"1670","16",20,10,0
2023-06-07T00:00:00.000Z,"2110","16",20,10,0
2023-06-08T00:00:00.000Z,"2300","16",20,10,0
2023-06-09T00:00:00.000Z,"1470","16",20,10,0
2023-06-10T00:00:00.000Z,"2050","16",20,10,0
2023-06-11T00:00:00.000Z,"3220","16",20,10,0
2023-06-12T00:00:00.000Z,"4660","16",20,10,0
2023-06-13T00:00:00.000Z,"2780","16",20,10,0
2023-06-14T00:00:00.000Z,"4140","16",20,10,0
2023-06-15T00:00:00.000Z,"2940","16",20,10,0
2023-06-16T00:00:00.000Z,"2310","16",20,10,0
2023-06-17T00:00:00.000Z,"1200","16",20,10,0
2023-06-18T00:00:00.000Z,"1160","16",20,10,0
2023-06-19T00:00:00.000Z,"1720","16",20,10,0
2023-06-20T00:00:00.000Z,"1300","16",20,10,0
2023-06-21T00:00:00.000Z,"1200","16",20,10,0
2023-06-22T00:00:00.000Z,"2050","16",20,10,0
2023-06-23T00:00:00.000Z,"3350","16",20,10,0
2023-06-24T00:00:00.000Z,"1910","16",20,10,0
2023-06-25T00:00:00.000Z,"1080","16",20,10,0
2023-06-26T00:00:00.000Z,"1320","16",20,10,0
2023-06-27T00:00:00.000Z,"1310","16",20,10,0
2023-06-28T00:00:00.000Z,"944","16",20,10,0
2023-06-29T00:00:00.000Z,"856","16",20,10,0
2023-06-30T00:00:00.000Z,"1620","16",20,10,0
2023-07-01T00:00:00.000Z,"1710","16",20,10,0
2023-07-02T00:00:00.000Z,"1550","16",20,10,0
2023-07-03T00:00:00.000Z,"1570","16",20,10,0
2023-07-04T00:00:00.000Z,"1210","16",20,10,0
2023-07-05T00:00:00.000Z,"994","16",20,10,0
2023-07-06T00:00:00.000Z,"879","16",20,10,0
2023-07-07T00:00:00.000Z,"799","16",20,10,0
2023-07-08T00:00:00.000Z,"699","16",20,10,0
2023-07-09T00:00:00.000Z,"1170","16",20,10,0
2023-07-10T00:00:00.000Z,"1010","16",20,10,0
2023-07-11T00:00:00.000Z,"724","16",20,10,0
2023-07-12T00:00:00.000Z,"659","16",20,10,0
2023-07-13T00:00:00.000Z,"661","16",20,10,0
2023-07-14T00:00:00.000Z,"653","16",20,10,0
2023-07-15T00:00:00.000Z,"553","16",20,10,0
2023-07-16T00:00:00.000Z,"497","16",20,10,0
2023-07-17T00:00:00.000Z,"593","16",20,10,0
2023-07-18T00:00:00.000Z,"560","16",20,10,0
2023-07-19T00:00:00.000Z,"493","16",20,10,0
2023-07-20T00:00:00.000Z,"414","16",20,10,0
2023-07-21T00:00:00.000Z,"413","16",20,10,0
2023-07-22T00:00:00.000Z,"405","16",20,10,0
2023-07-23T00:00:00.000Z,"384","16",20,10,0
2023-07-24T00:00:00.000Z,"519","16",20,10,0
2023-07-25T00:00:00.000Z,"476","16",20,10,0
2023-07-26T00:00:00.000Z,"533","16",20,10,0
2023-07-27T00:00:00.000Z,"547","16",20,10,0
2023-07-28T00:00:00.000Z,"480","16",20,10,0
2023-07-29T00:00:00.000Z,"409","16",20,10,0
2023-07-30T00:00:00.000Z,"451","16",20,10,0
2023-07-31T00:00:00.000Z,"540","16",20,10,0
2023-08-01T00:00:00.000Z,"416","16",20,10,0
2023-08-02T00:00:00.000Z,"368","16",20,10,0
2023-08-03T00:00:00.000Z,"358","16",20,10,0
2023-08-04T00:00:00.000Z,"376","16",20,10,0
2023-08-05T00:00:00.000Z,"429","16",20,10,0
2023-08-06T00:00:00.000Z,"536","16",20,10,0
2023-08-07T00:00:00.000Z,"411","16",20,10,0
2023-08-08T00:00:00.000Z,"392","16",20,10,0
2023-08-09T00:00:00.000Z,"375","16",20,10,0
2023-08-10T00:00:00.000Z,"307","16",20,10,0
2023-08-11T00:00:00.000Z,"307","16",20,10,0
2023-08-12T00:00:00.000Z,"259","16",20,10,0
2023-08-13T00:00:00.000Z,"280","16",20,10,0
2023-08-14T00:00:00.000Z,"1320","16",20,10,0
2023-08-15T00:00:00.000Z,"919","16",20,10,0
2023-08-16T00:00:00.000Z,"706","16",20,10,0
2023-08-17T00:00:00.000Z,"555","16",20,10,0
2023-08-18T00:00:00.000Z,"434","16",20,10,0
2023-08-19T00:00:00.000Z,"358","16",20,10,0
2023-08-20T00:00:00.000Z,"307","16",20,10,0
2023-08-21T00:00:00.000Z,"268","16",20,10,0
2023-08-22T00:00:00.000Z,"252","16",20,10,0
2023-08-23T00:00:00.000Z,"205","16",20,10,0
2023-08-24T00:00:00.000Z,"172","16",20,10,0
2023-08-25T00:00:00.000Z,"191","16",20,10,0
2023-08-26T00:00:00.000Z,"184","16",20,10,0
2023-08-27T00:00:00.000Z,"311","16",20,10,0
2023-08-28T00:00:00.000Z,"509","16",20,10,0
2023-08-29T00:00:00.000Z,"485","16",20,10,0
2023-08-30T00:00:00.000Z,"373","16",20,10,0
2023-08-31T00:00:00.000Z,"331","16",20,10,0
2023-09-01T00:00:00.000Z,"298","16",20,10,0
2023-09-02T00:00:00.000Z,"287","16",20,10,0
2023-09-03T00:00:00.000Z,"230","16",20,10,0
2023-09-04T00:00:00.000Z,"188","16",20,10,0
2023-09-05T00:00:00.000Z,"168","16",20,10,0
2023-09-06T00:00:00.000Z,"127","16",20,10,0
2023-09-07T00:00:00.000Z,"109","16",20,10,0
2023-09-08T00:00:00.000Z,"97","16",12,10,0
2023-09-09T00:00:00.000Z,"87","16",12,10,0
2023-09-10T00:00:00.000Z,"85","16",12,10,0
2023-09-11T00:00:00.000Z,"90","16",12,10,0
2023-09-12T00:00:00.000Z,"61","16",12,10,0
2023-09-13T00:00:00.000Z,"137","16",12,10,0
2023-09-14T00:00:00.000Z,"523","16",20,10,0
2023-09-15T00:00:00.000Z,"452","16",20,10,0
2023-09-16T00:00:00.000Z,"391","16",20,10,0
2023-09-17T00:00:00.000Z,"443","16",20,10,0
2023-09-18T00:00:00.000Z,"958","16",20,10,0
2023-09-19T00:00:00.000Z,"1150","16",20,10,0
2023-09-20T00:00:00.000Z,"624","16",20,10,0
2023-09-21T00:00:00.000Z,"502","16",20,10,0
2023-09-22T00:00:00.000Z,"475","16",20,10,0
2023-09-23T00:00:00.000Z,"515","16",20,10,0
2023-09-24T00:00:00.000Z,"565","16",20,10,0
2023-09-25T00:00:00.000Z,"449","16",20,10,0
2023-09-26T00:00:00.000Z,"384","16",20,10,0
2023-09-27T00:00:00.000Z,"327","16",20,10,0
2023-09-28T00:00:00.000Z,"286","16",20,10,0
2023-09-29T00:00:00.000Z,"258","16",20,10,0
2023-09-30T00:00:00.000Z,"271","16",20,10,0
2023-10-01T00:00:00.000Z,"247","16",20,10,0
2023-10-02T00:00:00.000Z,"367","16",20,10,0
2023-10-03T00:00:00.000Z,"226","16",20,10,0
2023-10-04T00:00:00.000Z,"192","16",20,10,0
2023-10-05T00:00:00.000Z,"194","16",20,10,0
2023-10-06T00:00:00.000Z,"221","16",20,10,0
2023-10-07T00:00:00.000Z,"224","16",20,10,0
2023-10-08T00:00:00.000Z,"218","16",20,10,0
2023-10-09T00:00:00.000Z,"199","16",20,10,0
2023-10-10T00:00:00.000Z,"192","16",20,10,0
2023-10-11T00:00:00.000Z,"192","16",20,10,0
2023-10-12T00:00:00.000Z,"177","16",20,10,0
2023-10-13T00:00:00.000Z,"174","16",20,10,0
2023-10-14T00:00:00.000Z,"188","16",20,10,0
2023-10-15T00:00:00.000Z,"199","16",20,10,0
2023-10-16T00:00:00.000Z,"197","16",20,10,0
2023-10-17T00:00:00.000Z,"243","16",20,10,0
2023-10-18T00:00:00.000Z,"271","16",20,10,0
2023-10-19T00:00:00.000Z,"337","16",20,10,0
2023-10-20T00:00:00.000Z,"2990","16",20,10,0
2023-10-21T00:00:00.000Z,"2230","16",20,10,0
2023-10-22T00:00:00.000Z,"1090","16",20,10,0
2023-10-23T00:00:00.000Z,"897","16",20,10,0
2023-10-24T00:00:00.000Z,"1940","16",20,10,0
2023-10-25T00:00:00.000Z,"1860","16",20,10,0
2023-10-26T00:00:00.000Z,"1510","16",20,10,0
2023-10-27T00:00:00.000Z,"2690","16",20,10,0
2023-10-28T00:00:00.000Z,"2100","16",20,10,0
2023-10-29T00:00:00.000Z,"1380","16",20,10,0
2023-10-30T00:00:00.000Z,"1430","16",20,10,0
2023-10-31T00:00:00.000Z,"1170","16",20,10,0
2023-11-01T00:00:00.000Z,"1090","16",20,10,0
2023-11-02T00:00:00.000Z,"1640","16",20,10,0
2023-11-03T00:00:00.000Z,"3350","16",20,10,0
2023-11-04T00:00:00.000Z,"2740","16",20,10,0
2023-11-05T00:00:00.000Z,"4610","16",20,10,0
2023-11-06T00:00:00.000Z,"3730","16",20,10,0
2023-11-07T00:00:00.000Z,"2600","16",20,10,0
2023-11-08T00:00:00.000Z,"2670","16",20,10,0
2023-11-09T00:00:00.000Z,"1660","16",20,10,0
2023-11-10T00:00:00.000Z,"2660","16",20,10,0
2023-11-11T00:00:00.000Z,"3190","16",20,10,0
2023-11-12T00:00:00.000Z,"2990","16",20,10,0
2023-11-13T00:00:00.000Z,"2850","16",20,10,0
2023-11-14T00:00:00.000Z,"2840","16",20,10,0
2023-11-15T00:00:00.000Z,"3390","16",20,10,0
2023-11-16T00:00:00.000Z,"2930","16",20,10,0
2023-11-17T00:00:00.000Z,"2760","16",20,10,0
2023-11-18T00:00:00.000Z,"2580","16",20,10,0
2023-11-19T00:00:00.000Z,"2320","16",20,10,0
2023-11-20T00:00:00.000Z,"1940","16",20,10,0
2023-11-21T00:00:00.000Z,"2810","16",20,10,0
2023-11-22T00:00:00.000Z,"2460","16",20,10,0
2023-11-23T00:00:00.000Z,"2360","16",20,10,0
2023-11-24T00:00:00.000Z,"2130","16",20,10,0
2023-11-25T00:00:00.000Z,"1940","16",20,10,0
2023-11-26T00:00:00.000Z,"1920","16",20,10,0
2023-11-27T00:00:00.000Z,"1870","16",20,10,0
2023-11-28T00:00:00.000Z,"2460","16",20,10,0
2023-11-29T00:00:00.000Z,"3120","16",20,10,0
2023-11-30T00:00:00.000Z,"4480","16",20,10,0
2023-12-01T00:00:00.000Z,"9270","16",20,10,0
2023-12-02T00:00:00.000Z,"10400","16",20,10,0
2023-12-03T00:00:00.000Z,"7090","16",20,10,0
2023-12-04T00:00:00.000Z,"5990","16",20,10,0
2023-12-05T00:00:00.000Z,"6940","16",20,10,0
2023-12-06T00:00:00.000Z,"5670","16",20,10,0
2023-12-07T00:00:00.000Z,"4960","16",20,10,0
2023-12-08T00:00:00.000Z,"8130","16",20,10,0
2023-12-09T00:00:00.000Z,"9720","16",20,10,0
2023-12-10T00:00:00.000Z,"8750","16",20,10,0
2023-12-11T00:00:00.000Z,"10100","16",20,10,0
2023-12-12T00:00:00.000Z,"10700","16",20,10,0
2023-12-13T00:00:00.000Z,"11800","16",20,10,0
2023-12-14T00:00:00.000Z,"12600","16",20,10,0
2023-12-15T00:00:00.000Z,"10700","16",20,10,0
2023-12-16T00:00:00.000Z,"9400","16",20,10,0
2023-12-17T00:00:00.000Z,"9060","16",20,10,0
2023-12-18T00:00:00.000Z,"7310","16",20,10,0
2023-12-19T00:00:00.000Z,"6950","16",20,10,0
2023-12-20T00:00:00.000Z,"5900","16",20,10,0
2023-12-21T00:00:00.000Z,"7020","16",20,10,0
2023-12-22T00:00:00.000Z,"8000","16",20,10,0
2023-12-23T00:00:00.000Z,"8810","16",20,10,0
2023-12-24T00:00:00.000Z,"7250","16",20,10,0
2023-12-25T00:00:00.000Z,"6140","16",20,10,0
2023-12-26T00:00:00.000Z,"5910","16",20,10,0
2023-12-27T00:00:00.000Z,"5450","16",20,10,0
2023-12-28T00:00:00.000Z,"5040","16",20,10,0
2023-12-29T00:00:00.000Z,"4920","16",20,10,0
2023-12-30T00:00:00.000Z,"4380","16",20,10,0
2023-12-31T00:00:00.000Z,"4570","16",20,10,0
2024-01-01T00:00:00.000Z,"5130","16",20,10,0
2024-01-02T00:00:00.000Z,"4440","16",20,10,0
2024-01-03T00:00:00.000Z,"4490","16",20,10,0
2024-01-04T00:00:00.000Z,"4250","16",20,10,0
2024-01-05T00:00:00.000Z,"3880","16",20,10,0
2024-01-06T00:00:00.000Z,"4110","16",20,10,0
2024-01-07T00:00:00.000Z,"4150","16",20,10,0
2024-01-08T00:00:00.000Z,"3800","16",20,10,0
2024-01-09T00:00:00.000Z,"3200","16",20,10,0
2024-01-10T00:00:00.000Z,"3470","16",20,10,0
2024-01-11T00:00:00.000Z,"3220","16",20,10,0
2024-01-12T00:00:00.000Z,"3480","16",20,10,0
2024-01-13T00:00:00.000Z,"2970","16",20,10,0
2024-01-14T00:00:00.000Z,"3480","16",20,10,0
2024-01-15T00:00:00.000Z,"3520","16",20,10,0
2024-01-16T00:00:00.000Z,"4350","16",20,10,0
2024-01-17T00:00:00.000Z,"5450","16",20,10,0
2024-01-18T00:00:00.000Z,"10900","16",20,10,0
2024-01-19T00:00:00.000Z,"10400","16",20,10,0
2024-01-20T00:00:00.000Z,"7980","16",20,10,0
2024-01-21T00:00:00.000Z,"7180","16",20,10,0
2024-01-22T00:00:00.000Z,"6990","16",20,10,0
2024-01-23T00:00:00.000Z,"7210","16",20,10,0
2024-01-24T00:00:00.000Z,"6430","16",20,10,0
2024-01-25T00:00:00.000Z,"5330","16",20,10,0
2024-01-26T00:00:00.000Z,"5670","16",20,10,0
2024-01-27T00:00:00.000Z,"5490","16",20,10,0
2024-01-28T00:00:00.000Z,"5380","16",20,10,0
2024-01-29T00:00:00.000Z,"4980","16",20,10,0
2024-01-30T00:00:00.000Z,"4450","16",20,10,0
2024-01-31T00:00:00.000Z,"4380","16",20,10,0
2024-02-01T00:00:00.000Z,"4250","16",20,10,0
2024-02-02T00:00:00.000Z,"3910","16",20,10,0
2024-02-03T00:00:00.000Z,"3680","16",20,10,0
2024-02-04T00:00:00.000Z,"3130","16",20,10,0
2024-02-05T00:00:00.000Z,"4160","16",20,10,0
2024-02-06T00:00:00.000Z,"3490","16",20,10,0
2024-02-07T00:00:00.000Z,"3210","16",20,10,0
2024-02-08T00:00:00.000Z,"3390","16",20,10,0
2024-02-09T00:00:00.000Z,"3500","16",20,10,0
2024-02-10T00:00:00.000Z,"8500","16",20,10,0
2024-02-11T00:00:00.000Z,"16300","16",20,10,0
2024-02-12T00:00:00.000Z,"10800","16",20,10,0
2024-02-13T00:00:00.000Z,"9460","16",20,10,0
2024-02-14T00:00:00.000Z,"7450","16",20,10,0
2024-02-15T00:00:00.000Z,"6310","16",20,10,0
2024-02-16T00:00:00.000Z,"6490","16",20,10,0
2024-02-17T00:00:00.000Z,"6240","16",20,10,0
2024-02-18T00:00:00.000Z,"5900","16",20,10,0
2024-02-19T00:00:00.000Z,"5670","16",20,10,0
2024-02-20T00:00:00.000Z,"5450","16",20,10,0
2024-02-21T00:00:00.000Z,"4720","16",20,10,0
2024-02-22T00:00:00.000Z,"5130","16",20,10,0
2024-02-23T00:00:00.000Z,"6110","16",20,10,0
2024-02-24T00:00:00.000Z,"5780","16",20,10,0
2024-02-25T00:00:00.000Z,"4270","16",20,10,0
2024-02-26T00:00:00.000Z,"6210","16",20,10,0
2024-02-27T00:00:00.000Z,"4880","16",20,10,0
2024-02-28T00:00:00.000Z,"5580","16",20,10,0
2024-02-29T00:00:00.000Z,"4580","16",20,10,0
2024-03-01T00:00:00.000Z,"3990","16",20,10,0
2024-03-02T00:00:00.000Z,"4870","16",20,10,0
2024-03-03T00:00:00.000Z,"7250","16",20,10,0
2024-03-04T00:00:00.000Z,"9930","16",20,10,0
2024-03-05T00:00:00.000Z,"9420","16",20,10,0
2024-03-06T00:00:00.000Z,"9880","16",20,10,0
2024-03-07T00:00:00.000Z,"8900","16",20,10,0
2024-03-08T00:00:00.000Z,"8090","16",20,10,0
2024-03-09T00:00:00.000Z,"8530","16",20,10,0
2024-03-10T00:00:00.000Z,"16300","16",20,10,0
2024-03-11T00:00:00.000Z,"20500","16",20,10,0
2024-03-12T00:00:00.000Z,"17600","16",20,10,0
2024-03-13T00:00:00.000Z,"14900","16",20,10,0
2024-03-14T00:00:00.000Z,"12800","16",20,10,0
2024-03-15T00:00:00.000Z,"11300","16",20,10,0
2024-03-16T00:00:00.000Z,"9870","16",20,10,0
2024-03-17T00:00:00.000Z,"9210","16",20,10,0
2024-03-18T00:00:00.000Z,"8950","16",20,10,0
2024-03-19T00:00:00.000Z,"8960","16",20,10,0
2024-03-20T00:00:00.000Z,"7450","16",20,10,0
2024-03-21T00:00:00.000Z,"6000","16",20,10,0
2024-03-22T00:00:00.000Z,"6030","16",20,10,0
2024-03-23T00:00:00.000Z,"5670","16",20,10,0
2024-03-24T00:00:00.000Z,"5290","16",20,10,0
2024-03-25T00:00:00.000Z,"4010","16",20,10,0
2024-03-26T00:00:00.000Z,"5170","16",20,10,0
2024-03-27T00:00:00.000Z,"9670","16",20,10,0
2024-03-28T00:00:00.000Z,"9990","16",20,10,0
2024-03-29T00:00:00.000Z,"8400","16",20,10,0
2024-03-30T00:00:00.000Z,"6870","16",20,10,0
2024-03-31T00:00:00.000Z,"7530","16",20,10,0
2024-04-01T00:00:00.000Z,"18300","16",20,10,0
2024-04-02T00:00:00.000Z,"12600","16",20,10,0
2024-04-03T00:00:00.000Z,"10500","16",20,10,0
2024-04-04T00:00:00.000Z,"9610","16",20,10,0
2024-04-05T00:00:00.000Z,"9660","16",20,10,0
2024-04-06T00:00:00.000Z,"8000","16",20,10,0
2024-04-07T00:00:00.000Z,"6180","16",20,10,0
2024-04-08T00:00:00.000Z,"5180","16",20,10,0
2024-04-09T00:00:00.000Z,"10800","16",20,10,0
2024-04-10T00:00:00.000Z,"9610","16",20,10,0
2024-04-11T00:00:00.000Z,"8410","16",20,10,0
2024-04-12T00:00:00.000Z,"5950","16",20,10,0
2024-04-13T00:00:00.000Z,"6020","16",20,10,0
2024-04-14T00:00:00.000Z,"4850","16",20,10,0
2024-04-15T00:00:00.000Z,"5000","16",20,10,0
2024-04-16T00:00:00.000Z,"4960","16",20,10,0
2024-04-17T00:00:00.000Z,"4780","16",20,10,0
2024-04-18T00:00:00.000Z,"6490","16",20,10,0
2024-04-19T00:00:00.000Z,"5900","16",20,10,0
2024-04-20T00:00:00.000Z,"5190","16",20,10,0
2024-04-21T00:00:00.000Z,"4040","16",20,10,0
2024-04-22T00:00:00.000Z,"4980","16",20,10,0
2024-04-23T00:00:00.000Z,"4000","16",20,10,0
2024-04-24T00:00:00.000Z,"3880","16",20,10,0
2024-04-25T00:00:00.000Z,"3660","16",20,10,0
2024-04-26T00:00:00.000Z,"4180","16",20,10,0
2024-04-27T00:00:00.000Z,"6680","16",20,10,0
2024-04-28T00:00:00.000Z,"5720","16",20,10,0
2024-04-29T00:00:00.000Z,"20600","16",20,10,0
2024-04-30T00:00:00.000Z,"15600","16",20,10,0
2024-05-01T00:00:00.000Z,"13700","16",20,10,0
2024-05-02T00:00:00.000Z,"34800","16",20,10,0
2024-05-03T00:00:00.000Z,"26400","16",20,10,0
2024-05-04T00:00:00.000Z,"23600","16",20,10,0
2024-05-05T00:00:00.000Z,"20000","16",20,10,0
2024-05-06T00:00:00.000Z,"25600","16",20,10,0
2024-05-07T00:00:00.000Z,"22200","16",20,10,0
2024-05-08T00:00:00.000Z,"18600","16",20,10,0
2024-05-09T00:00:00.000Z,"15900","16",20,10,0
2024-05-10T00:00:00.000Z,"13900","16",20,10,0
2024-05-11T00:00:00.000Z,"12300","16",20,10,0
2024-05-12T00:00:00.000Z,"10800","16",20,10,0
2024-05-13T00:00:00.000Z,"11800","16",20,10,0
2024-05-14T00:00:00.000Z,"11000","16",20,10,0
2024-05-15T00:00:00.000Z,"14000","16",20,10,0
2024-05-16T00:00:00.000Z,"15400","16",20,10,0
2024-05-17T00:00:00.000Z,"15400","16",20,10,0
2024-05-18T00:00:00.000Z,"16500","16",20,10,0
2024-05-19T00:00:00.000Z,"14600","16",20,10,0
2024-05-20T00:00:00.000Z,"17400","16",20,10,0
2024-05-21T00:00:00.000Z,"14400","16",20,10,0
2024-05-22T00:00:00.000Z,"12700","16",20,10,0
2024-05-23T00:00:00.000Z,"12900","16",20,10,0
2024-05-24T00:00:00.000Z,"13000","16",20,10,0
2024-05-25T00:00:00.000Z,"11000","16",20,10,0
2024-05-26T00:00:00.000Z,"9910","16",20,10,0
2024-05-27T00:00:00.000Z,"10600","16",20,10,0
2024-05-28T00:00:00.000Z,"9940","16",20,10,0
2024-05-29T00:00:00.000Z,"9450","16",20,10,0
2024-05-30T00:00:00.000Z,"8290","16",20,10,0
2024-05-31T00:00:00.000Z,"9410","16",20,10,0
2024-06-01T00:00:00.000Z,"8010","16",20,10,0
2024-06-02T00:00:00.000Z,"6710","16",20,10,0
2024-06-03T00:00:00.000Z,"8100","16",20,10,0
2024-06-04T00:00:00.000Z,"5870","16",20,8,0
2024-06-05T00:00:00.000Z,"4850","16",20,8,0
2024-06-06T00:00:00.000Z,"5790","16",20,10,0
2024-06-07T00:00:00.000Z,"5830","16",20,10,0
2024-06-08T00:00:00.000Z,"5100","16",20,10,0
2024-06-09T00:00:00.000Z,"5340","16",20,10,0
2024-06-10T00:00:00.000Z,"6220","16",20,10,0
2024-06-11T00:00:00.000Z,"4890","16",20,10,0
2024-06-12T00:00:00.000Z,"5990","16",20,10,0
2024-06-13T00:00:00.000Z,"4370","16",20,10,0
2024-06-14T00:00:00.000Z,"3800","16",20,10,0
2024-06-15T00:00:00.000Z,"6430","16",20,10,0
2024-06-16T00:00:00.000Z,"4360","16",20,10,0
2024-06-17T00:00:00.000Z,"4660","16",20,10,0
2024-06-18T00:00:00.000Z,"3610","16",20,10,0
2024-06-19T00:00:00.000Z,"3040","16",20,10,0
2024-06-20T00:00:00.000Z,"3560","16",20,10,0
2024-06-21T00:00:00.000Z,"4410","16",20,10,0
2024-06-22T00:00:00.000Z,"4210","16",20,10,0
2024-06-23T00:00:00.000Z,"4430","16",20,10,0
2024-06-24T00:00:00.000Z,"4020","16",20,10,0
2024-06-25T00:00:00.000Z,"3600","16",20,10,0
2024-06-26T00:00:00.000Z,"3040","16",20,10,0
2024-06-27T00:00:00.000Z,"2580","16",20,10,0
2024-06-28T00:00:00.000Z,"3030","16",20,10,0
2024-06-29T00:00:00.000Z,"5200","16",20,10,0
2024-06-30T00:00:00.000Z,"5310","16",20,10,0
2024-07-01T00:00:00.000Z,"3910","16",20,10,0
2024-07-02T00:00:00.000Z,"3200","16",20,10,0
2024-07-03T00:00:00.000Z,"3750","16",20,10,0
2024-07-04T00:00:00.000Z,"1950","16",20,10,0
2024-07-05T00:00:00.000Z,"2960","16",20,10,0
2024-07-06T00:00:00.000Z,"2170","16",20,10,0
2024-07-07T00:00:00.000Z,"1920","16",20,10,0
2024-07-08T00:00:00.000Z,"2110","16",20,10,0
2024-07-09T00:00:00.000Z,"2000","16",20,10,0
2024-07-10T00:00:00.000Z,"2080","16",20,10,0
2024-07-11T00:00:00.000Z,"3550","16",20,10,0
2024-07-12T00:00:00.000Z,"13000","16",20,10,0
2024-07-13T00:00:00.000Z,"7540","16",20,10,0
2024-07-14T00:00:00.000Z,"5230","16",20,10,0
2024-07-15T00:00:00.000Z,"4210","16",20,10,0
2024-07-16T00:00:00.000Z,"3970","16",20,10,0
2024-07-17T00:00:00.000Z,"3250","16",20,10,0
2024-07-18T00:00:00.000Z,"3790","16",20,10,0
2024-07-19T00:00:00.000Z,"2580","16",20,10,0
2024-07-20T00:00:00.000Z,"2210","16",20,10,0
2024-07-21T00:00:00.000Z,"12700","16",20,10,0
2024-07-22T00:00:00.000Z,"11200","16",20,10,0
2024-07-23T00:00:00.000Z,"5550","16",20,10,0
2024-07-24T00:00:00.000Z,"4210","16",20,10,0
2024-07-25T00:00:00.000Z,"4030","16",20,10,0
2024-07-26T00:00:00.000Z,"3660","16",20,10,0
2024-07-27T00:00:00.000Z,"2680","16",20,10,0
2024-07-28T00:00:00.000Z,"2750","16",20,10,0
2024-07-29T00:00:00.000Z,"3090","16",20,10,0
2024-07-30T00:00:00.000Z,"2750","16",20,10,0
2024-07-31T00:00:00.000Z,"1670","16",20,10,0
2024-08-01T00:00:00.000Z,"1390","16",20,10,0
2024-08-02T00:00:00.000Z,"1320","16",20,10,0
2024-08-03T00:00:00.000Z,"1550","16",20,10,0
2024-08-04T00:00:00.000Z,"1420","16",20,10,0
2024-08-05T00:00:00.000Z,"1330","16",20,10,0
2024-08-06T00:00:00.000Z,"1230","16",20,10,0
2024-08-07T00:00:00.000Z,"1120","16",20,10,0
2024-08-08T00:00:00.000Z,"1060","16",20,10,0
2024-08-09T00:00:00.000Z,"957","16",20,10,0
2024-08-10T00:00:00.000Z,"856","16",20,10,0
2024-08-11T00:00:00.000Z,"772","16",20,10,0
2024-08-12T00:00:00.000Z,"689","16",20,10,0
2024-08-13T00:00:00.000Z,"882","16",20,10,0
2024-08-14T00:00:00.000Z,"5630","16",20,10,0
2024-08-15T00:00:00.000Z,"3840","16",20,10,0
2024-08-16T00:00:00.000Z,"1990","16",20,10,0
2024-08-17T00:00:00.000Z,"1550","16",20,10,0
2024-08-18T00:00:00.000Z,"1460","16",20,10,0
2024-08-19T00:00:00.000Z,"1410","16",20,10,0
2024-08-20T00:00:00.000Z,"1200","16",20,10,0
2024-08-21T00:00:00.000Z,"1080","16",20,10,0
2024-08-22T00:00:00.000Z,"988","16",20,10,0
2024-08-23T00:00:00.000Z,"883","16",20,10,0
2024-08-24T00:00:00.000Z,"787","16",20,10,0
2024-08-25T00:00:00.000Z,"761","16",20,10,0
2024-08-26T00:00:00.000Z,"987","16",20,10,0
2024-08-27T00:00:00.000Z,"739","16",20,10,0
2024-08-28T00:00:00.000Z,"675","16",20,10,0
2024-08-29T00:00:00.000Z,"586","16",20,10,0
2024-08-30T00:00:00.000Z,"543","16",20,10,0
2024-08-31T00:00:00.000Z,"514","16",20,10,0
2024-09-01T00:00:00.000Z,"510","16",20,10,0
2024-09-02T00:00:00.000Z,"669","16",20,10,0
2024-09-03T00:00:00.000Z,"838","16",20,10,0
2024-09-04T00:00:00.000Z,"1440","16",20,10,0
2024-09-05T00:00:00.000Z,"24300","16",20,10,0
2024-09-06T00:00:00.000Z,"8340","16",20,10,0
2024-09-07T00:00:00.000Z,"5060","16",20,10,0
2024-09-08T00:00:00.000Z,"7140","16",20,10,0
2024-09-09T00:00:00.000Z,"8210","16",20,10,0
2024-09-10T00:00:00.000Z,"5850","16",20,10,0
2024-09-11T00:00:00.000Z,"4380","16",20,10,0
2024-09-12T00:00:00.000Z,"5120","16",20,10,0
2024-09-13T00:00:00.000Z,"4350","16",20,10,0
2024-09-14T00:00:00.000Z,"3780","16",20,10,0
2024-09-15T00:00:00.000Z,"3180","16",20,10,0
2024-09-16T00:00:00.000Z,"2740","16",20,10,0
2024-09-17T00:00:00.000Z,"2430","16",20,10,0
2024-09-18T00:00:00.000Z,"2400","16",20,10,0
2024-09-19T00:00:00.000Z,"2150","16",20,10,0
2024-09-20T00:00:00.000Z,"2090","16",20,10,0
2024-09-21T00:00:00.000Z,"1890","16",20,10,0
2024-09-22T00:00:00.000Z,"2470","16",20,10,0
2024-09-23T00:00:00.000Z,"6160","16",20,10,0
2024-09-24T00:00:00.000Z,"3510","16",20,10,0
2024-09-25T00:00:00.000Z,"3250","16",20,10,0
2024-09-26T00:00:00.000Z,"5590","16",20,10,0
2024-09-27T00:00:00.000Z,"7300","16",20,10,0
2024-09-28T00:00:00.000Z,"4980","16",20,10,0
2024-09-29T00:00:00.000Z,"4890","16",20,10,0
2024-09-30T00:00:00.000Z,"4190","16",20,10,0
2024-10-01T00:00:00.000Z,"3790","16",20,10,0
2024-10-02T00:00:00.000Z,"5560","16",20,10,0
2024-10-03T00:00:00.000Z,"4590","16",20,10,0
2024-10-04T00:00:00.000Z,"3970","16",20,10,0
2024-10-05T00:00:00.000Z,"3650","16",20,10,0
2024-10-06T00:00:00.000Z,"3830","16",20,10,0
2024-10-07T00:00:00.000Z,"4100","16",20,10,0
2024-10-08T00:00:00.000Z,"14200","16",20,10,0
2024-10-09T00:00:00.000Z,"10900","16",20,10,0
2024-10-10T00:00:00.000Z,"11800","16",20,10,0
2024-10-11T00:00:00.000Z,"9570","16",20,10,0
2024-10-12T00:00:00.000Z,"8250","16",20,10,0
2024-10-13T00:00:00.000Z,"7700","16",20,10,0
2024-10-14T00:00:00.000Z,"6930","16",20,10,0
2024-10-15T00:00:00.000Z,"6500","16",20,10,0
2024-10-16T00:00:00.000Z,"34500","16",20,10,0
2024-10-17T00:00:00.000Z,"28100","16",20,10,0
2024-10-18T00:00:00.000Z,"35700","16",20,10,0
2024-10-19T00:00:00.000Z,"21300","16",20,10,0
2024-10-20T00:00:00.000Z,"16200","16",20,10,0
2024-10-21T00:00:00.000Z,"13500","16",20,10,0
2024-10-22T00:00:00.000Z,"12100","16",20,10,0
2024-10-23T00:00:00.000Z,"11100","16",20,10,0
2024-10-24T00:00:00.000Z,"9850","16",20,10,0
2024-10-25T00:00:00.000Z,"9220","16",20,10,0
2024-10-26T00:00:00.000Z,"9500","16",20,10,0
2024-10-27T00:00:00.000Z,"8240","16",20,10,0
2024-10-28T00:00:00.000Z,"7470","16",20,10,0
2024-10-29T00:00:00.000Z,"6830","16",20,10,0
2024-10-30T00:00:00.000Z,"6340","16",20,10,0
2024-10-31T00:00:00.000Z,"5930","16",20,10,0
2024-11-01T00:00:00.000Z,"5560","16",20,10,0
2024-11-02T00:00:00.000Z,"5160","16",20,10,0
2024-11-03T00:00:00.000Z,"4900","16",20,10,0
2024-11-04T00:00:00.000Z,"4460","16",20,10,0
2024-11-05T00:00:00.000Z,"4800","16",20,10,0
2024-11-06T00:00:00.000Z,"3750","16",20,10,0
2024-11-07T00:00:00.000Z,"3940","16",20,10,0
2024-11-08T00:00:00.000Z,"4340","16",20,10,0
2024-11-09T00:00:00.000Z,"4200","16",20,10,0
2024-11-10T00:00:00.000Z,"3800","16",20,10,0
2024-11-11T00:00:00.000Z,"3250","16",20,10,0
2024-11-12T00:00:00.000Z,"3100","16",20,10,0
2024-11-13T00:00:00.000Z,"4340","16",20,10,0
2024-11-14T00:00:00.000Z,"3020","16",20,10,0
2024-11-15T00:00:00.000Z,"3300","16",20,10,0
2024-11-16T00:00:00.000Z,"3070","16",20,10,0
2024-11-17T00:00:00.000Z,"2130","16",20,10,0
2024-11-18T00:00:00.000Z,"3260","16",20,10,0
2024-11-19T00:00:00.000Z,"2680","16",20,10,0
2024-11-20T00:00:00.000Z,"5740","16",20,10,0
2024-11-21T00:00:00.000Z,"4850","16",20,10,0
2024-11-22T00:00:00.000Z,"6150","16",20,10,0
2024-11-23T00:00:00.000Z,"4080","16",20,10,0
2024-11-24T00:00:00.000Z,"2630","16",20,10,0
2024-11-25T00:00:00.000Z,"4130","16",20,10,0
2024-11-26T00:00:00.000Z,"13300","16",20,10,0
2024-11-27T00:00:00.000Z,"8790","16",20,10,0
2024-11-28T00:00:00.000Z,"6160","16",20,10,0
2024-11-29T00:00:00.000Z,"5190","16",20,10,0
2024-11-30T00:00:00.000Z,"6350","16",20,10,0
2024-12-01T00:00:00.000Z,"5000","16",20,10,0
2024-12-02T00:00:00.000Z,"5430","16",20,10,0
2024-12-03T00:00:00.000Z,"5550","16",20,10,0
2024-12-04T00:00:00.000Z,"5830","16",20,10,0
2024-12-05T00:00:00.000Z,"4580","16",20,10,0
2024-12-06T00:00:00.000Z,"5050","16",20,10,0
2024-12-07T00:00:00.000Z,"5380","16",20,10,0
2024-12-08T00:00:00.000Z,"7370","16",20,10,0
2024-12-09T00:00:00.000Z,"10700","16",20,10,0
2024-12-10T00:00:00.000Z,"8940","16",20,10,0
2024-12-11T00:00:00.000Z,"8590","16",20,10,0
2024-12-12T00:00:00.000Z,"7340","16",20,10,0
2024-12-13T00:00:00.000Z,"6820","16",20,10,0
2024-12-14T00:00:00.000Z,"11700","16",20,10,0
2024-12-15T00:00:00.000Z,"12600","16",20,10,0
2024-12-16T00:00:00.000Z,"11400","16",20,10,0
2024-12-17T00:00:00.000Z,"9230","16",20,10,0
2024-12-18T00:00:00.000Z,"10200","16",20,10,0
2024-12-19T00:00:00.000Z,"11900","16",20,10,0
2024-12-20T00:00:00.000Z,"19200","16",20,10,0
2024-12-21T00:00:00.000Z,"13600","16",20,10,0
2024-12-22T00:00:00.000Z,"17400","16",20,10,0
2024-12-23T00:00:00.000Z,"20200","16",20,10,0
2024-12-24T00:00:00.000Z,"16000","16",20,10,0
2024-12-25T00:00:00.000Z,"15000","16",20,10,0
2024-12-26T00:00:00.000Z,"14900","16",20,10,0
2024-12-27T00:00:00.000Z,"12900","16",20,10,0
2024-12-28T00:00:00.000Z,"11900","16",20,10,0
2024-12-29T00:00:00.000Z,"11200","16",20,10,0
2024-12-30T00:00:00.000Z,"10700","16",20,10,0
2024-12-31T00:00:00.000Z,"9690","16",20,10,0
2025-01-01T00:00:00.000Z,"8340","16",20,10,0
2025-01-02T00:00:00.000Z,"9060","16",20,10,0
2025-01-03T00:00:00.000Z,"9570","16",20,10,0
2025-01-04T00:00:00.000Z,"9350","16",20,10,0
2025-01-05T00:00:00.000Z,"9620","16",20,10,0
2025-01-06T00:00:00.000Z,"13400","16",20,10,0
2025-01-07T00:00:00.000Z,"12700","16",20,10,0
2025-01-08T00:00:00.000Z,"10400","16",20,10,0
2025-01-09T00:00:00.000Z,"10600","16",20,10,0
2025-01-10T00:00:00.000Z,"13100","16",20,10,0
2025-01-11T00:00:00.000Z,"14600","16",20,10,0
2025-01-12T00:00:00.000Z,"12400","16",20,10,0
2025-01-13T00:00:00.000Z,"10200","16",20,10,0
2025-01-14T00:00:00.000Z,"8940","16",20,10,0
2025-01-15T00:00:00.000Z,"9350","16",20,10,0
2025-01-16T00:00:00.000Z,"8980","16",20,10,0
2025-01-17T00:00:00.000Z,"8160","16",20,10,0
2025-01-18T00:00:00.000Z,"7230","16",20,10,0
2025-01-19T00:00:00.000Z,"7340","16",20,10,0
2025-01-20T00:00:00.000Z,"7080","16",20,10,0
2025-01-21T00:00:00.000Z,"7170","16",20,10,0
2025-01-22T00:00:00.000Z,"7560","12",20,10,0
2025-01-23T00:00:00.000Z,"8760","12",20,10,0
2025-01-24T00:00:00.000Z,"7440","12",20,10,0
2025-01-25T00:00:00.000Z,"6960","12",20,10,0
2025-01-26T00:00:00.000Z,"8340","12",20,10,0
2025-01-27T00:00:00.000Z,"10400","12",20,10,0
2025-01-28T00:00:00.000Z,"11300","12",20,10,0
2025-01-29T00:00:00.000Z,"9280","12",20,10,0
2025-01-30T00:00:00.000Z,"19800","12",20,10,0
2025-01-31T00:00:00.000Z,"25100","12",20,10,0
2025-02-01T00:00:00.000Z,"18200","12",20,10,0
2025-02-02T00:00:00.000Z,"14100","12",20,10,0
2025-02-03T00:00:00.000Z,"12600","12",20,10,0
2025-02-04T00:00:00.000Z,"11200","12",20,10,0
2025-02-05T00:00:00.000Z,"10100","12",20,10,0
2025-02-06T00:00:00.000Z,"9480","12",20,10,0
2025-02-07T00:00:00.000Z,"9230","12",20,10,0
2025-02-08T00:00:00.000Z,"8740","12",20,10,0
2025-02-09T00:00:00.000Z,"9440","12",20,10,0
2025-02-10T00:00:00.000Z,"10100","12",20,10,0
2025-02-11T00:00:00.000Z,"10200","12",20,10,0
2025-02-12T00:00:00.000Z,"9010","12",20,10,0
2025-02-13T00:00:00.000Z,"8470","12",20,10,0
2025-02-14T00:00:00.000Z,"8410","12",20,10,0
2025-02-15T00:00:00.000Z,"7630","12",20,10,0
2025-02-16T00:00:00.000Z,"6370","12",20,10,0
2025-02-17T00:00:00.000Z,"7480","12",20,10,0
2025-02-18T00:00:00.000Z,"6150","12",20,10,0
2025-02-19T00:00:00.000Z,"6810","12",20,10,0
2025-02-20T00:00:00.000Z,"5600","12",20,10,0
2025-02-21T00:00:00.000Z,"5340","12",20,10,0
2025-02-22T00:00:00.000Z,"6070","12",20,10,0
2025-02-23T00:00:00.000Z,"6850","12",20,10,0
2025-02-24T00:00:00.000Z,"6580","12",20,10,0
2025-02-25T00:00:00.000Z,"5700","12",20,10,0
2025-02-26T00:00:00.000Z,"5150","12",20,10,0
2025-02-27T00:00:00.000Z,"6220","12",20,10,0
2025-02-28T00:00:00.000Z,"3650","12",20,10,0
2025-03-01T00:00:00.000Z,"4840","12",20,10,0
2025-03-02T00:00:00.000Z,"4670","12",20,10,0
2025-03-03T00:00:00.000Z,"4440","12",20,10,0
2025-03-04T00:00:00.000Z,"4460","12",20,10,0
2025-03-05T00:00:00.000Z,"3970","12",20,10,0
2025-03-06T00:00:00.000Z,"3980","12",20,10,0
2025-03-07T00:00:00.000Z,"3820","12",20,10,0
2025-03-08T00:00:00.000Z,"3720","12",20,10,0
2025-03-09T00:00:00.000Z,"3600","12",20,10,0
2025-03-10T00:00:00.000Z,"4430","12",20,10,0
2025-03-11T00:00:00.000Z,"4440","12",20,10,0
2025-03-12T00:00:00.000Z,"5250","12",20,10,0
2025-03-13T00:00:00.000Z,"4950","12",20,10,0
2025-03-14T00:00:00.000Z,"5920","12",20,10,0
2025-03-15T00:00:00.000Z,"4620","12",20,10,0
2025-03-16T00:00:00.000Z,"4150","12",20,10,0
2025-03-17T00:00:00.000Z,"4780","12",20,10,0
2025-03-18T00:00:00.000Z,"4030","12",20,10,0
2025-03-19T00:00:00.000Z,"4200","12",20,10,0
2025-03-20T00:00:00.000Z,"4100","12",20,10,0
2025-03-21T00:00:00.000Z,"3640","12",20,10,0
2025-03-22T00:00:00.000Z,"3490","12",20,10,0
2025-03-23T00:00:00.000Z,"16000","12",20,10,0
2025-03-24T00:00:00.000Z,"9220","12",20,10,0
2025-03-25T00:00:00.000Z,"12000","12",20,10,0
2025-03-26T00:00:00.000Z,"9670","12",20,10,0
2025-03-27T00:00:00.000Z,"7870","12",20,10,0
2025-03-28T00:00:00.000Z,"7900","12",20,10,0
2025-03-29T00:00:00.000Z,"7840","12",20,10,0
2025-03-30T00:00:00.000Z,"6420","12",20,10,0
2025-03-31T00:00:00.000Z,"7400","12",20,10,0
2025-04-01T00:00:00.000Z,"5520","12",20,10,0
2025-04-02T00:00:00.000Z,"5820","12",20,10,0
2025-04-03T00:00:00.000Z,"5660","12",20,10,0
2025-04-04T00:00:00.000Z,"5290","12",20,10,0
2025-04-05T00:00:00.000Z,"4510","12",20,10,0
2025-04-06T00:00:00.000Z,"3760","12",20,10,0
2025-04-07T00:00:00.000Z,"4210","12",20,10,0
2025-04-08T00:00:00.000Z,"4050","12",20,10,0
2025-04-09T00:00:00.000Z,"3730","12",20,10,0
2025-04-10T00:00:00.000Z,"3380","12",20,10,0
2025-04-11T00:00:00.000Z,"3520","12",20,10,0
2025-04-12T00:00:00.000Z,"3300","12",20,10,0
2025-04-13T00:00:00.000Z,"3010","12",20,10,0
2025-04-14T00:00:00.000Z,"4550","12",20,10,0
2025-04-15T00:00:00.000Z,"3920","12",20,10,0
2025-04-16T00:00:00.000Z,"16500","12",20,10,0
2025-04-17T00:00:00.000Z,"9310","12",20,10,0
2025-04-18T00:00:00.000Z,"8260","12",20,10,0
2025-04-19T00:00:00.000Z,"6670","12",20,10,0
2025-04-20T00:00:00.000Z,"11300","12",20,10,0
2025-04-21T00:00:00.000Z,"8260","12",20,10,0
2025-04-22T00:00:00.000Z,"7880","12",20,10,0
2025-04-23T00:00:00.000Z,"7060","12",20,10,0
2025-04-24T00:00:00.000Z,"9990","12",20,10,0
2025-04-25T00:00:00.000Z,"8170","12",20,10,0
2025-04-26T00:00:00.000Z,"5780","12",20,10,0
2025-04-27T00:00:00.000Z,"6780","12",20,10,0
2025-04-28T00:00:00.000Z,"5940","12",20,10,0
2025-04-29T00:00:00.000Z,"7140","12",20,10,0
2025-04-30T00:00:00.000Z,"6650","12",20,10,0